seed,DNA,LINE,LTR,RC,Retroposon,SINE,total_rows
1,32555,126276,39942,132,465,112508,311878
2,32626,126802,39647,109,550,113111,312845
3,32291,127382,39958,122,488,113030,313271
4,32741,126700,40238,129,537,111209,311554
5,32753,126709,39736,141,524,112318,312181
6,32599,126840,40000,163,491,112937,313030
7,32755,126704,40259,134,532,113212,313596
8,32294,127318,39595,141,566,112187,312101
9,32940,126740,40551,124,508,112938,313801
10,32497,127013,39413,128,524,112047,311622
11,32446,127414,40149,124,497,112206,312836
12,32590,127015,40138,130,529,112833,313235
13,32827,127143,40004,139,525,112939,313577
14,32652,127347,40189,129,538,112862,313717
15,32848,127403,40034,121,495,112455,313356
16,32409,127062,40203,108,543,112091,312416
17,32353,126796,39698,141,518,112735,312241
18,32923,127055,39794,153,534,112265,312724
19,32315,126977,39774,133,536,112578,312313
20,32175,126471,39953,145,544,113083,312371
21,32652,127830,39940,106,509,112350,313387
22,32588,127318,40007,120,506,112359,312898
23,32850,126525,40563,118,513,113186,313755
24,32546,127458,39995,125,511,112540,313175
25,32407,127161,40232,122,503,113220,313645
26,32865,126902,40513,136,516,111959,312891
27,32255,127788,39999,125,515,111902,312584
28,32873,126653,40326,127,469,112809,313257
29,32795,126642,40089,112,517,112847,313002
30,32476,126299,40215,124,476,112649,312239
31,32851,126641,39596,142,472,112741,312443
32,32142,126301,40260,122,526,112269,311620
33,32282,127196,40043,122,507,113294,313444
34,32705,126777,39795,132,469,112560,312438
35,32916,126480,40299,137,516,112819,313167
36,32428,127162,39933,128,506,112253,312410
37,32388,126998,40069,143,533,112814,312945
38,32422,127183,40397,117,540,112420,313079
39,32434,125834,39907,146,478,112463,311262
40,32792,127519,40120,121,515,113215,314282
41,32977,127086,39925,130,506,112389,313013
42,32631,126775,39765,126,523,111350,311170
43,32269,126756,39762,109,496,112797,312189
44,32190,126879,39968,131,502,112356,312026
45,32456,126339,40276,129,491,111975,311666
46,32796,126669,40045,112,553,113201,313376
47,32141,126243,39971,128,497,112809,311789
48,32101,126590,39896,146,530,111993,311256
49,32595,126072,40415,147,559,112805,312593
50,32680,126120,39774,124,522,112946,312166
51,32585,126878,39911,136,533,112272,312315
52,32353,126215,39985,114,548,112838,312053
53,32773,127426,40266,130,523,112701,313819
54,32005,126552,40298,147,524,112056,311582
55,32795,126241,40120,121,506,113302,313085
56,32736,126856,40216,92,492,112988,313380
57,32791,127647,39679,114,499,112175,312905
58,32624,127893,40062,127,540,113250,314496
59,32786,126854,39848,114,508,112262,312372
60,32659,126218,40074,136,505,112750,312342
61,32122,126499,40079,139,455,112544,311838
62,32340,126696,40518,138,484,113113,313289
63,32705,126718,39741,143,470,112601,312378
64,32613,127245,40101,113,518,112365,312955
65,32516,126229,40025,156,477,112585,311988
66,32449,126581,39983,137,534,112526,312210
67,32461,126482,40633,114,477,112482,312649
68,32410,126794,40015,130,516,111943,311808
69,32142,126338,40696,141,477,112847,312641
70,32545,127404,40284,137,508,112112,312990
71,32656,126653,40052,145,548,113538,313592
72,32571,127691,40442,143,505,112115,313467
73,32715,127153,40124,154,475,112226,312847
74,32522,126837,39792,120,482,112196,311949
75,32568,125942,40006,106,477,112262,311361
76,32573,126283,40089,134,493,111654,311226
77,32529,127280,40099,135,514,112433,312990
78,32322,126929,40252,114,481,112340,312438
79,32611,127158,39796,152,503,112197,312417
80,32304,126874,40056,138,553,111774,311699
81,32577,127174,39192,122,529,112985,312579
82,32684,126204,40169,141,534,112543,312275
83,32321,126471,39999,121,471,112352,311735
84,32630,126561,40066,115,510,112460,312342
85,33058,126568,40104,140,486,112122,312478
86,32806,126909,40090,142,533,112247,312727
87,32839,127249,40176,139,513,111877,312793
88,32406,127399,40236,115,541,112043,312740
89,32270,126710,40052,141,492,112614,312279
90,32337,126781,40026,134,543,112663,312484
91,32321,127397,39842,125,525,111903,312113
92,32523,127677,40739,151,481,112418,313989
93,32654,127293,40011,157,526,112872,313513
94,32334,126629,40379,176,491,112842,312851
95,32319,127045,40168,141,511,112113,312297
96,32840,127480,39902,143,547,111924,312836
97,32181,127048,39976,126,493,112772,312596
98,32652,126906,40455,103,506,112561,313183
99,32704,125644,39927,165,530,112814,311784
100,32574,127210,39798,132,539,112546,312799
101,32895,127508,40485,112,479,112456,313935
102,32701,127547,40150,163,483,112396,313440
103,32704,127562,40397,136,503,112362,313664
104,32523,128125,40435,145,517,112396,314141
105,32217,126250,40052,120,519,112883,312041
106,32621,127428,40051,131,541,112680,313452
107,32529,126692,39994,131,490,112117,311953
108,32753,126962,40170,113,469,112623,313090
109,32672,126666,40159,132,461,112176,312266
110,32504,126778,40191,149,485,112350,312457
111,32573,127487,40116,137,496,112309,313118
112,32407,127539,39977,133,497,112133,312686
113,32927,126642,40392,109,525,112532,313127
114,32629,127549,39923,116,532,112678,313427
115,32506,126872,39844,140,493,112452,312307
116,32756,126661,40191,127,534,112446,312715
117,32797,127664,40598,116,507,112679,314361
118,32837,126918,39923,136,552,112527,312893
119,32433,127262,40512,131,473,112192,313003
120,32677,126088,39988,127,441,113162,312483
121,32971,127537,39573,113,499,112951,313644
122,32583,126805,40135,134,499,112140,312296
123,32549,127195,39381,135,514,112365,312139
124,32608,127912,40155,142,486,111845,313148
125,32600,126510,40070,120,497,112566,312363
126,32451,126947,40493,122,510,112456,312979
127,32174,127511,39810,157,479,113190,313321
128,32616,126850,39762,123,480,112982,312813
129,32731,127267,39808,124,552,112125,312607
130,32678,126701,40506,125,509,112319,312838
131,32696,127170,40166,134,518,112217,312901
132,32583,127282,40261,122,513,112374,313135
133,32214,127013,40367,117,501,112380,312592
134,32626,127428,39664,135,497,111869,312219
135,32212,127774,40035,113,529,111558,312221
136,32728,127537,39798,162,488,112944,313657
137,32750,127348,39892,124,507,112166,312787
138,32446,127721,40279,123,529,112169,313267
139,32685,126902,39846,137,510,111727,311807
140,32682,126237,39825,108,508,112701,312061
141,32324,126934,40260,163,508,112192,312381
142,32577,127654,40192,128,502,112898,313951
143,32891,126274,40087,128,473,112116,311969
144,32783,126414,39779,136,533,112638,312283
145,32776,126664,39969,146,536,112269,312360
146,32383,126794,40146,154,523,112465,312465
147,32657,126370,40085,137,476,112725,312450
148,32558,127240,39487,124,476,112226,312111
149,32670,126913,40090,130,535,112857,313195
150,32402,127809,40067,127,537,112920,313862
151,31884,126702,39952,138,514,112851,312041
152,32756,126770,39968,147,474,112008,312123
153,32316,127059,40066,146,503,112144,312234
154,32372,126760,39867,126,508,111883,311516
155,32606,127339,39895,124,521,112571,313056
156,32718,127092,40105,148,539,113155,313757
157,32599,126605,40234,123,494,111901,311956
158,32483,126441,40324,146,470,112104,311968
159,32636,126371,39772,134,509,112435,311857
160,32795,126617,40101,124,553,112197,312387
161,33232,127078,39798,120,495,113100,313823
162,32680,127324,40232,124,511,112397,313268
163,32438,126412,40327,139,514,111527,311357
164,32439,127266,39938,153,497,112424,312717
165,32466,126506,40650,172,493,113240,313527
166,32759,126687,40392,122,556,112039,312555
167,32646,127014,40473,160,520,113027,313840
168,32514,126914,39995,118,492,112670,312703
169,32325,126889,39908,110,556,112415,312203
170,32663,126452,40166,114,525,112405,312325
171,32560,126807,39968,161,496,112692,312684
172,32642,127029,40034,130,523,112851,313209
173,32612,126560,39712,141,454,111367,310846
174,32568,126639,39731,119,528,112141,311726
175,32916,127063,40066,127,522,112458,313152
176,32299,126675,39983,171,545,112012,311685
177,32422,126610,40117,114,468,112264,311995
178,32647,125457,39739,155,489,112645,311132
179,32208,127269,40230,128,487,112463,312785
180,32408,127112,39957,125,453,112755,312810
181,32579,126837,40652,155,503,112991,313717
182,32152,126985,40418,147,501,112983,313186
183,32451,126161,40130,129,543,112261,311675
184,32828,126944,39924,131,503,112816,313146
185,32465,127107,39911,136,521,111813,311953
186,32473,127402,40020,129,493,112562,313079
187,32114,126457,40405,162,524,112654,312316
188,32860,126771,39829,153,526,113009,313148
189,32782,127752,40408,138,553,112502,314135
190,32450,127237,40258,126,546,111963,312580
191,32369,127459,40002,116,483,112074,312503
192,32181,127493,40019,143,524,112712,313072
193,32943,126677,40283,127,526,112601,313157
194,32439,127625,40624,139,500,113069,314396
195,32958,126958,39730,138,515,112432,312731
196,32989,125819,39928,98,509,112839,312182
197,32874,126619,40356,132,522,112810,313313
198,32513,126934,40167,144,552,112624,312934
199,32592,126180,40362,137,523,113038,312832
200,32902,127265,40023,142,488,112682,313502
201,32457,126557,40351,131,527,112791,312814
202,32218,126971,40323,124,520,112462,312618
203,32122,126911,39544,116,526,112824,312043
204,32677,126790,40144,143,463,112143,312360
205,32367,126800,39921,116,458,112574,312236
206,33219,126336,39818,115,528,112323,312339
207,32338,127718,39922,151,545,112434,313108
208,32712,126690,39840,130,565,112239,312176
209,32643,126767,40346,135,515,111870,312276
210,32717,126768,39584,118,496,111896,311579
211,33112,127621,40027,141,487,111888,313276
212,32635,128320,39767,132,562,112555,313971
213,32557,127338,39656,136,507,112475,312669
214,32045,126424,39908,155,499,112828,311859
215,32750,126955,39788,132,550,112487,312662
216,32635,127239,40203,117,500,112318,313012
217,32529,125908,40125,138,516,113476,312692
218,32560,127049,39909,118,535,112772,312943
219,32855,126660,40206,127,549,112011,312408
220,32589,127369,39997,139,465,112765,313324
221,33052,126775,40365,142,519,113008,313861
222,32432,126546,39595,159,520,112298,311550
223,32615,125817,40032,121,501,112716,311802
224,32290,126831,39974,126,482,111950,311653
225,32380,126069,40071,163,532,112347,311562
226,32186,125795,40117,148,473,112695,311414
227,32590,126199,39632,118,508,112598,311645
228,32260,126915,40089,133,488,112009,311894
229,32163,127370,40080,132,468,113433,313646
230,32330,126365,40060,137,465,111732,311089
231,32169,126989,40020,109,560,112834,312681
232,32467,126802,40374,131,497,113409,313680
233,32760,127083,39928,125,466,112633,312995
234,33018,127301,39952,135,563,112660,313629
235,32713,126706,40198,157,490,112202,312466
236,32263,126956,40465,159,490,112233,312566
237,32526,126551,40229,152,578,112056,312092
238,32525,127727,39794,149,493,111734,312422
239,32705,125862,39927,133,458,112975,312060
240,32633,126422,40286,121,472,112673,312607
241,32849,126600,40195,115,472,112624,312855
242,32730,126310,40139,140,531,112375,312225
243,32612,126753,39899,110,566,112103,312043
244,32340,128031,40362,120,479,112144,313476
245,32880,126485,39699,151,529,112070,311814
246,32621,127430,39986,111,506,111946,312600
247,32433,126737,39924,137,510,112924,312665
248,32501,126738,39938,110,502,113096,312885
249,32393,126855,40246,147,483,112492,312616
250,32700,126596,40225,141,525,111948,312135
251,32350,126881,40062,133,517,112587,312530
252,32305,126994,39836,133,478,113137,312883
253,32642,126820,40330,134,517,111563,312006
254,32789,127047,40541,128,536,112847,313888
255,32323,127730,40037,144,484,112463,313181
256,32055,126950,40074,128,540,112583,312330
257,32254,126725,40219,117,498,112471,312284
258,32209,126244,40567,116,523,112880,312539
259,33154,126255,40391,126,518,112490,312934
260,32532,126500,40418,131,526,112458,312565
261,32359,126890,40022,146,521,112417,312355
262,32445,126978,39676,125,528,112611,312363
263,32803,127051,40222,145,503,111792,312516
264,32616,127396,40031,119,469,112443,313074
265,32491,127540,40180,137,469,112798,313615
266,32300,127102,39545,156,494,112710,312307
267,33448,126305,40130,128,488,111757,312256
268,32575,127436,40328,147,536,112236,313258
269,32495,126893,40089,148,479,112971,313075
270,32808,126694,40089,119,470,112003,312183
271,32728,126935,40400,127,567,112412,313169
272,32667,126870,40099,145,523,112226,312530
273,32679,126272,40148,139,528,112134,311900
274,32467,127539,40453,139,478,112851,313927
275,32660,126640,40396,151,514,112828,313189
276,32323,126589,40045,154,518,112625,312254
277,32146,127117,39773,120,553,112857,312566
278,32980,126327,40167,149,513,112364,312500
279,32030,127350,40035,133,485,113474,313507
280,32624,127188,40573,130,496,112733,313744
281,32904,127327,40370,134,552,112682,313969
282,32729,126679,40012,122,543,112303,312388
283,32607,127026,40117,141,532,111838,312261
284,32666,127224,40464,122,535,112187,313198
285,32854,126634,40123,114,476,112568,312769
286,32568,127337,40194,111,441,111876,312527
287,32640,127470,39899,144,520,112857,313530
288,32112,126587,40151,117,514,111920,311401
289,31841,127242,40055,123,514,112269,312044
290,32637,126932,39671,138,498,112809,312685
291,32735,126987,40270,137,502,112475,313106
292,32594,127193,39836,158,504,113032,313317
293,32323,126762,40060,127,553,112135,311960
294,32297,126754,40115,122,511,112018,311817
295,32419,126766,39562,124,452,112062,311385
296,32843,127335,40036,150,533,112195,313092
297,32598,126699,39118,115,528,112900,311958
298,32673,126891,39728,145,499,113004,312940
299,32485,126241,40187,160,538,112601,312212
300,32472,127186,39734,140,492,112115,312139
301,32203,127267,40226,132,516,112364,312708
302,32533,126475,39807,129,469,112070,311483
303,32590,127500,39703,123,489,112268,312673
304,32641,126528,40217,130,513,113081,313110
305,32913,127072,39957,157,544,112155,312798
306,32459,126035,40495,116,460,112205,311770
307,32577,127304,39927,175,459,112451,312893
308,32349,127002,40069,145,514,111521,311600
309,32122,126933,40246,139,548,112462,312450
310,32812,126723,40336,116,547,111844,312378
311,32597,127939,40324,146,530,112715,314251
312,32348,126890,40584,146,540,112066,312574
313,32629,126752,40611,127,535,112205,312859
314,32843,127132,40447,108,530,112862,313922
315,32472,126999,39905,157,502,112845,312880
316,32634,127252,39958,99,555,113192,313690
317,32505,126497,40029,142,488,113003,312664
318,32607,126791,40336,141,531,112283,312689
319,32695,127181,40605,158,517,112331,313487
320,32662,126539,39949,139,515,113082,312886
321,32483,126839,40074,108,533,112542,312579
322,32529,127140,40166,149,487,112662,313133
323,32553,127218,39836,148,474,112023,312252
324,32323,126475,39963,154,512,112205,311632
325,32419,126808,40249,141,456,112249,312322
326,32557,127472,40285,110,503,112111,313038
327,32366,126263,40465,130,494,112867,312585
328,33023,126689,39940,116,509,112399,312676
329,32788,127339,40186,138,429,112110,312990
330,32529,126415,39771,134,432,112590,311871
331,32452,127657,40284,107,530,112258,313288
332,32495,126366,40207,107,521,112743,312439
333,32598,126758,40512,124,571,112728,313291
334,32662,126716,40519,123,566,111489,312075
335,32555,127341,40193,133,492,112386,313100
336,32731,126953,39860,131,538,112746,312959
337,32726,127222,39984,158,477,111857,312424
338,32419,126845,39862,154,517,112786,312583
339,32450,127162,39740,152,477,112605,312586
340,32464,126086,40227,130,496,111862,311265
341,32444,126706,40006,120,525,111870,311671
342,32537,126791,40117,155,575,112593,312768
343,32772,127420,39920,138,549,112781,313580
344,32872,127147,40320,136,518,112551,313544
345,32323,127056,39788,141,507,113074,312889
346,32520,126937,40440,140,558,112529,313124
347,32623,125894,39889,117,521,112079,311123
348,32422,126762,39837,149,525,112675,312370
349,32836,126571,40288,134,514,113001,313344
350,32439,126951,39857,153,571,112940,312911
351,32006,127197,40648,129,517,112139,312636
352,32723,126494,40224,125,469,112403,312438
353,32484,126649,40181,159,551,112089,312113
354,32890,126297,40115,160,572,112582,312616
355,32413,126913,39674,168,512,112530,312210
356,32203,126154,40382,137,480,112683,312039
357,32834,127576,39813,123,519,112868,313733
358,32561,126206,40522,159,522,112053,312023
359,32430,126228,40167,136,517,112813,312291
360,32553,126029,39962,135,510,112604,311793
361,32387,127312,39856,151,506,111546,311758
362,32452,125975,40255,124,505,112058,311369
363,32394,126812,40291,121,505,113066,313189
364,32084,126656,40607,112,481,111761,311701
365,32756,126968,39956,122,455,112552,312809
366,32591,126017,40504,128,475,113163,312878
367,33008,127369,39528,133,492,112795,313325
368,32488,126865,40055,131,581,112115,312235
369,32591,126840,39656,149,521,112595,312352
370,32819,127094,40451,138,461,112454,313417
371,32663,128068,40289,120,458,111982,313580
372,32763,127138,40570,127,501,111585,312684
373,32524,126641,40078,142,470,112741,312596
374,32852,126949,40049,142,546,112722,313260
375,32313,126600,40100,132,488,113017,312650
376,32690,127315,39483,142,495,112444,312569
377,32309,126647,39986,137,538,111662,311279
378,32516,126839,39948,136,517,111815,311771
379,32501,126908,40398,117,483,111851,312258
380,32420,126603,39588,111,472,112927,312121
381,32359,127518,40510,104,488,112163,313142
382,32640,126234,40152,141,492,111886,311545
383,32204,126817,39807,98,518,112749,312193
384,32574,126556,39864,135,496,112545,312170
385,32308,126712,40130,120,486,112345,312101
386,32465,125828,39730,171,516,112803,311513
387,32565,126427,40349,137,486,112892,312856
388,32462,126613,40256,144,528,112192,312195
389,32743,127126,40204,144,519,112499,313235
390,32503,127813,40392,131,483,112797,314119
391,32390,127178,39899,150,501,112657,312775
392,32210,126741,40264,134,480,112460,312289
393,32253,127191,40328,165,538,112344,312819
394,32565,127099,40358,127,519,112827,313495
395,32748,127653,40178,127,549,112771,314026
396,32547,127809,40182,134,471,112041,313184
397,32170,126486,40285,125,493,111886,311445
398,32429,126011,40219,128,564,113619,312970
399,32731,126506,40304,129,478,112550,312698
400,32412,126901,39962,128,484,112562,312449
401,32620,126302,39847,136,489,113129,312523
402,32134,126556,40369,120,519,112459,312157
403,32516,126362,40014,155,516,113128,312691
404,32629,126686,40187,127,520,112747,312896
405,32775,126488,39806,152,483,112693,312397
406,32741,125958,40553,119,459,112709,312539
407,32152,127141,40271,129,588,112499,312780
408,32887,126584,40209,105,521,111952,312258
409,32258,126562,40401,140,443,112349,312153
410,32369,127038,39498,143,538,112966,312552
411,32044,127675,40365,137,448,112282,312951
412,32664,126497,40016,115,548,112635,312475
413,32247,126005,40157,119,524,112746,311798
414,32900,125940,40204,129,478,111957,311608
415,32850,126669,40296,123,507,113006,313451
416,32534,126186,40000,103,468,112714,312005
417,32512,126657,40079,136,543,112825,312752
418,32676,126555,39858,143,506,112596,312334
419,32705,126687,40078,130,490,113046,313136
420,32577,126918,40010,125,551,112263,312444
421,32407,127527,39687,145,483,112878,313127
422,32793,127451,40291,105,490,112395,313525
423,32253,127145,39993,138,534,113342,313405
424,32479,126301,40218,127,521,112101,311747
425,32744,127063,39924,143,575,111537,311986
426,32208,128115,39962,128,516,112813,313742
427,32241,126601,40060,146,534,112722,312304
428,32388,127277,40263,120,541,112584,313173
429,32705,127073,39337,130,488,113235,312968
430,32180,126349,39966,130,493,112656,311774
431,32142,126331,40028,140,486,112778,311905
432,32481,126930,39776,135,520,113097,312939
433,32396,125998,40472,144,521,112614,312145
434,32372,126797,40141,125,523,112124,312082
435,32521,126632,40530,143,512,112539,312877
436,32388,126510,40021,112,526,112228,311785
437,32536,127632,39980,143,523,112028,312842
438,32510,127038,39809,139,574,112457,312527
439,32296,126917,40498,127,475,112998,313311
440,32321,127424,40674,152,482,112485,313538
441,32389,126541,40703,123,534,113568,313858
442,32584,126766,40169,120,547,112446,312632
443,32462,127780,40159,136,490,112726,313753
444,32551,127197,40479,141,479,112147,312994
445,32502,126466,40078,95,503,112368,312012
446,32162,127905,40619,120,495,112244,313545
447,32391,126667,40488,127,499,112587,312759
448,32498,126772,39949,140,565,112832,312756
449,32290,126469,40083,129,521,112941,312433
450,32427,126922,40210,106,533,112529,312727
451,32680,126096,39991,131,472,112668,312038
452,32578,126635,39956,145,514,113118,312946
453,32155,127124,40021,140,522,112615,312577
454,32715,127486,40378,153,488,113323,314543
455,32323,126171,40354,119,550,113036,312553
456,32400,127267,40506,111,443,112088,312815
457,32477,126474,39892,113,532,112140,311628
458,32573,126453,40716,154,542,113005,313443
459,32254,126654,40310,164,520,112077,311979
460,32160,126948,40387,145,515,112745,312900
461,32289,126268,40024,121,522,112330,311554
462,32719,126481,40186,112,490,112275,312263
463,32885,125964,40368,145,545,112954,312861
464,32707,127196,40264,133,526,113057,313883
465,32649,127175,40433,130,525,112277,313189
466,32606,126803,39877,117,567,111514,311484
467,33108,127249,40151,130,498,112707,313843
468,32558,125675,40379,152,466,112477,311707
469,32858,127082,39925,121,453,112803,313242
470,32751,127168,40142,136,532,113281,314010
471,32574,126936,40120,131,486,112109,312356
472,32724,126872,39914,154,506,112713,312883
473,32936,126579,39721,114,499,112330,312179
474,32481,127139,40141,135,513,112267,312676
475,32061,127032,40418,131,543,112463,312648
476,32534,126843,40037,144,509,112616,312683
477,32392,126541,39703,104,516,111999,311255
478,32884,126549,40239,140,557,113208,313577
479,32672,126988,39976,128,466,112724,312954
480,33048,126698,40512,149,545,111927,312879
481,32529,127247,40132,137,511,112419,312975
482,32557,125762,39984,116,546,112254,311219
483,32647,126813,40410,133,521,112314,312838
484,32618,126639,40219,120,524,112656,312776
485,32798,126374,40527,158,504,112449,312810
486,32315,126901,40258,139,510,112122,312245
487,32456,127335,39834,131,485,113137,313378
488,32367,126704,39832,100,511,112917,312431
489,32867,127486,40675,143,489,111910,313570
490,32854,126793,40359,125,519,112419,313069
491,32641,126346,39602,144,540,112878,312151
492,32580,126832,40310,128,512,113256,313618
493,32310,127398,40402,119,536,112467,313232
494,32591,126642,40047,129,488,112528,312425
495,32570,126929,39703,125,551,112463,312341
496,32325,127458,40121,125,518,113174,313721
497,33004,127355,39516,160,529,112751,313315
498,32602,126767,40479,146,508,111766,312268
499,32509,125875,40186,120,481,112052,311223
500,32932,125991,39975,125,480,112374,311877
