seed,,5S-Deu-L2,Alu,CR1,Crypton,Crypton-A,Dong-R4,ERV1,ERVK,ERVL,ERVL-MaLR,Gypsy,Helitron,I-Jockey,Kolobok,L1,L1-Tx1,L2,MIR,MULE-MuDR,Merlin,PIF-Harbinger,Penelope,PiggyBac,RTE-BovB,RTE-X,SVA,TcMar,TcMar-Mariner,TcMar-Pogo,TcMar-Tc1,TcMar-Tc2,TcMar-Tigger,hAT,hAT-Ac,hAT-Blackjack,hAT-Charlie,hAT-Tag1,hAT-Tip100,hAT-Tip100?,hAT-hAT19,hAT?,tRNA,tRNA-Deu,tRNA-RTE
1,1458,135,76429,5436,30,11,51,9810,653,8931,18214,1470,132,4,56,79150,12,39711,35517,215,15,34,67,128,538,1307,465,12,1122,1,47,469,7840,184,351,1098,16141,179,4019,3,3,3,120,36,271
2,1428,144,77030,5457,18,9,76,9680,679,9069,17942,1440,109,14,38,79253,11,40073,35535,222,14,33,33,163,579,1306,550,12,1055,6,51,438,7735,212,329,1070,16147,241,4232,7,1,2,88,33,281
3,1433,140,77029,5590,18,11,39,9792,685,9077,18083,1423,122,13,25,80115,14,39642,35422,197,11,25,57,143,511,1401,488,5,1029,5,43,472,7680,207,339,1109,16053,240,4135,2,1,6,122,35,282
4,1483,155,76152,5417,20,8,59,9856,600,9021,18340,1490,129,11,28,79763,17,39418,34526,195,21,46,58,158,544,1413,537,15,995,2,54,524,7614,197,343,1083,16536,209,4138,2,1,0,95,43,238
5,1498,143,76883,5257,13,9,66,9367,645,9221,18193,1375,141,6,22,79984,22,39488,34889,236,15,44,57,147,514,1315,524,13,1028,5,36,486,7885,231,356,1155,16022,202,4275,5,2,3,102,30,271
6,1482,143,76991,5246,23,9,54,9590,657,9076,18353,1394,163,4,27,79887,12,39734,35422,229,16,29,44,145,492,1367,491,14,1018,1,55,501,8059,203,352,1016,16186,189,3970,3,0,2,103,30,248
7,1505,137,77355,5392,18,14,39,9772,652,9031,18504,1378,134,9,31,79958,13,39320,35294,211,15,38,79,143,563,1331,532,8,1089,1,46,527,7990,212,349,1083,16079,175,4132,8,2,1,113,31,282
8,1472,139,76758,5388,14,14,36,9511,648,8954,18087,1452,141,5,26,79977,16,40044,34869,201,13,35,54,163,483,1315,566,9,1034,0,53,489,8015,165,378,1027,15843,194,4084,5,3,0,110,24,287
9,1587,147,77216,5415,20,5,52,9872,701,8801,18677,1489,124,22,30,79480,18,39785,35182,209,15,35,77,152,531,1360,508,19,1079,2,50,472,8017,181,397,1096,16220,156,4200,0,1,8,117,36,240
10,1553,151,76492,5202,18,8,55,9608,657,9057,17637,1472,128,7,21,80022,10,39864,34997,230,9,32,58,166,516,1279,524,7,996,2,58,495,7695,219,346,1054,16173,190,4197,2,2,6,109,31,267
11,1550,157,76502,5298,14,7,44,9681,609,9088,18315,1491,124,17,24,80336,10,39819,35159,208,14,28,51,152,509,1330,497,18,1111,4,60,520,7836,212,351,1061,15948,195,4087,7,1,3,90,36,262
12,1434,110,77106,5462,12,7,57,9681,665,8991,18502,1371,130,10,34,79634,8,39824,35183,245,9,29,57,168,614,1349,529,13,1103,0,52,491,8024,197,333,1031,16080,224,4023,6,0,3,107,38,289
13,1489,119,76897,5443,17,10,52,9786,618,8890,18385,1374,139,10,30,80249,12,39444,35536,197,15,35,52,175,558,1323,525,11,1065,3,43,530,7851,184,338,1205,16211,206,4150,10,0,3,118,18,251
14,1518,133,76677,5571,17,8,52,9662,609,9128,18457,1413,129,4,31,79825,6,39969,35612,201,9,29,60,165,512,1348,538,18,1119,2,46,483,7986,173,358,1109,15905,190,4195,4,2,4,118,25,297
15,1513,131,76584,5447,8,8,47,9724,619,8871,18438,1402,121,7,17,80474,12,39375,35280,194,17,36,55,166,525,1461,495,12,1020,5,56,572,7980,206,359,1105,16115,209,4215,6,5,4,115,31,314
16,1393,139,76702,5288,24,13,51,9763,677,9309,18248,1337,108,4,30,80118,5,39671,34849,203,15,31,68,170,545,1312,543,14,1077,3,46,488,7682,168,316,1077,16140,205,4175,5,2,1,102,35,264
17,1495,151,76861,5182,22,6,50,9647,655,8963,18046,1451,141,12,23,79848,12,39754,35316,233,16,27,59,124,587,1292,518,21,1090,5,42,474,7723,195,363,1125,15861,197,4233,10,1,3,109,19,279
18,1458,151,76647,5448,23,11,44,9920,657,8956,17912,1399,153,9,29,80136,18,39445,35039,239,27,27,60,133,579,1316,534,19,1016,2,59,500,8089,228,378,1086,16137,202,4200,3,3,4,114,22,292
19,1418,106,76689,5204,20,15,57,9583,607,8754,18535,1396,133,10,28,79969,8,39766,35359,218,14,37,68,170,520,1375,536,28,1019,0,41,551,7836,236,360,1044,15839,192,4144,4,0,0,112,30,282
20,1441,110,77576,5394,21,8,40,9635,597,8992,18405,1466,145,8,19,79703,13,39378,34986,222,20,35,35,149,557,1343,544,19,941,4,41,527,7831,184,316,1033,15864,175,4176,2,3,2,104,51,256
21,1537,121,76482,5280,25,19,62,9655,607,9021,18307,1435,106,8,24,80170,17,40338,35345,218,21,30,67,143,534,1354,509,14,1064,3,50,480,7802,199,341,1152,16005,174,4263,3,0,0,98,23,281
22,1434,152,76686,5345,26,13,48,9727,690,8962,18179,1532,120,7,27,80279,12,39710,35134,185,19,29,55,157,517,1345,506,18,1032,1,60,549,7786,230,314,1054,16219,208,4141,0,0,3,105,21,261
23,1555,154,77055,5316,17,19,50,9853,667,9159,18539,1357,118,17,27,79114,9,39974,35547,186,17,40,54,136,637,1354,513,10,960,1,46,540,7869,183,308,1187,16201,224,4301,3,0,8,98,35,297
24,1451,122,76690,5347,17,6,49,9597,737,9255,18096,1375,125,14,30,80273,7,39702,35332,226,15,33,48,133,586,1432,511,14,936,4,50,503,7969,208,360,1141,16083,176,4114,8,1,3,110,26,260
25,1539,130,77221,5423,13,10,52,9654,660,9155,18343,1440,122,10,40,80191,11,39600,35462,204,13,29,48,115,488,1338,503,18,1084,2,50,491,7632,221,323,1094,16073,204,4225,4,1,2,98,38,271
26,1454,148,76866,5477,20,9,50,9831,679,9154,18430,1527,136,10,15,79648,14,39750,34532,269,15,23,62,131,538,1353,516,21,1053,4,46,450,8000,196,386,1126,16287,170,4073,5,2,2,121,38,254
27,1378,139,77016,5347,18,8,54,9564,649,8972,18464,1456,125,17,27,80241,5,40090,34341,201,19,40,61,159,589,1384,515,18,1007,1,49,520,7688,213,328,1094,16032,222,4116,8,1,2,113,37,256
28,1469,157,76864,5495,14,4,50,9704,704,9082,18411,1486,127,8,20,79995,15,39160,35394,225,14,31,49,156,539,1342,469,13,1139,8,47,537,8115,191,336,1075,16022,187,4190,13,1,5,102,23,269
29,1490,138,77215,5384,28,13,59,9935,686,8951,18056,1516,112,10,24,79742,14,39626,35101,217,21,28,61,160,501,1245,517,15,1099,2,46,475,8009,220,334,1099,16112,169,4168,6,3,2,120,23,250
30,1398,139,76851,5300,16,8,63,9665,665,9198,18400,1435,124,8,20,79699,10,39334,35277,218,15,27,45,139,535,1305,476,23,1015,1,31,503,7940,196,352,1021,16016,190,4188,6,0,5,106,28,248
31,1460,123,76959,5188,10,10,63,9661,599,8907,18058,1477,142,4,41,79397,10,39955,35233,194,15,10,71,163,564,1389,472,14,1032,4,65,524,8052,214,338,1043,16100,207,4238,7,0,4,121,27,278
32,1483,142,76443,5291,18,5,53,9773,708,9066,18441,1321,122,5,23,79535,5,39480,35307,221,14,24,51,148,545,1336,526,12,1020,0,50,506,7554,233,303,1133,16029,176,4135,3,0,3,97,34,246
33,1472,117,77492,5277,23,12,62,9511,704,9131,18425,1344,122,13,23,79557,17,40282,35267,244,14,27,60,130,530,1398,507,17,1009,2,42,515,7821,228,321,1138,15951,187,4025,5,2,2,107,22,289
34,1449,144,76821,5330,16,4,55,9451,658,8972,18392,1432,132,6,20,79537,9,39893,35213,198,16,22,66,169,565,1316,469,10,1121,0,44,464,7928,177,348,1118,16160,246,4074,4,3,4,83,31,268
35,1482,157,77337,5443,24,12,44,9591,681,9174,18411,1518,137,13,23,79218,11,39844,34910,179,19,40,66,150,588,1253,516,9,1024,3,44,471,7990,197,356,1132,16355,185,4137,8,0,0,102,27,286
36,1476,142,76551,5421,22,8,49,9571,673,9072,18255,1436,128,8,31,79394,11,40291,35136,243,18,40,60,170,596,1332,506,15,1028,4,41,528,7902,193,345,1071,15890,213,4107,6,0,3,124,31,269
37,1461,146,77095,5452,22,9,70,9841,605,8993,18296,1445,143,5,33,79891,9,39618,35173,178,14,32,52,142,532,1369,533,12,1072,1,34,511,7871,212,312,1023,16017,202,4105,7,2,5,119,21,260
38,1412,158,76865,5332,19,5,52,9871,713,9048,18464,1407,117,2,20,79848,11,39921,34979,246,10,20,63,142,569,1385,540,13,1009,4,52,462,7863,199,369,1008,16100,207,4147,5,0,4,113,20,285
39,1465,155,76892,5417,24,17,68,9617,677,9037,18268,1389,146,8,25,78677,20,39808,35023,218,15,37,55,165,504,1277,478,10,1040,2,44,511,7911,186,330,1158,15888,196,4101,6,2,2,102,18,273
40,1484,146,77181,5590,15,13,64,9555,645,8950,18590,1459,121,4,44,80180,15,39728,35403,233,10,38,51,177,524,1363,515,23,1022,0,60,487,7918,217,371,1015,16283,186,4105,8,0,4,126,32,327
41,1437,149,77071,5324,19,19,43,9677,633,8913,18326,1494,130,9,20,80266,11,39481,34811,219,19,34,54,168,554,1344,506,12,1086,2,40,570,7804,195,295,1067,16540,212,4090,6,5,0,92,24,242
42,1447,109,76174,5288,22,14,51,9469,659,8812,18471,1461,126,7,35,79848,11,39653,34674,200,16,28,38,144,513,1366,523,10,1068,0,53,482,7854,227,360,1088,16095,194,4182,1,1,3,102,16,275
43,1494,130,77192,5440,16,9,50,9662,643,8995,18183,1324,109,8,20,79804,10,39551,35094,246,20,37,31,177,500,1362,496,10,1033,1,43,491,7692,224,370,1036,16030,176,4089,4,3,3,105,25,251
44,1452,138,76696,5471,35,6,66,9780,604,9006,18220,1446,131,3,15,79560,11,39784,35080,209,16,22,73,124,544,1367,502,17,978,0,44,479,7826,197,360,1095,15961,178,4070,11,0,7,119,34,289
45,1499,130,76510,5289,22,11,47,9893,676,8977,18393,1446,129,5,30,79320,15,39711,34953,239,23,32,70,161,553,1329,491,13,1050,0,40,515,7902,181,356,1004,16041,180,4039,3,2,4,108,26,248
46,1451,153,77236,5309,17,10,59,9493,685,9263,18417,1334,112,5,30,79643,12,39567,35392,201,22,28,55,154,632,1387,553,19,1040,0,35,509,7759,261,346,1134,16393,183,4053,4,0,0,120,9,291
47,1514,134,76798,5397,27,9,59,9925,672,9052,17951,1428,128,11,39,79603,12,39230,35443,239,21,28,78,172,515,1338,497,15,971,0,48,524,7762,203,360,1031,15824,181,4103,6,1,6,109,38,287
48,1456,151,76921,5406,15,6,50,9603,655,9157,18100,1461,146,7,32,79912,5,39318,34502,191,15,24,62,127,531,1299,530,16,978,3,48,456,7828,155,321,1094,15802,231,4214,7,1,1,100,24,295
49,1438,144,76984,5315,24,12,52,9763,675,9301,18314,1487,147,8,33,79236,16,39445,35288,253,19,42,55,115,557,1388,559,9,1046,5,37,505,7891,193,351,1183,16039,222,4044,9,0,0,107,31,251
50,1459,143,76972,5278,19,6,45,9520,717,8952,18196,1486,124,6,21,79208,15,39645,35433,202,18,41,44,180,517,1362,522,21,1079,2,50,484,7902,208,359,1107,16153,164,4097,4,0,7,115,19,264
51,1492,157,76829,5373,19,7,54,9502,688,8937,18420,1437,136,2,38,79875,19,39585,34875,229,20,33,53,130,533,1384,533,18,1019,1,52,493,7791,203,332,1085,16184,212,4151,1,0,2,114,31,266
52,1479,112,77092,5237,23,9,64,9647,679,8938,18397,1398,114,7,27,79232,5,39679,35226,218,12,40,64,185,564,1363,548,9,1004,1,36,516,7791,198,329,992,16076,213,4114,6,0,1,107,23,278
53,1429,153,76942,5393,14,6,42,9882,666,9137,18220,1470,130,11,31,80147,13,39803,35137,198,17,43,64,140,535,1418,523,24,1079,12,48,516,7887,206,364,1061,16270,204,4101,11,0,3,120,37,312
54,1462,117,76688,5222,27,10,57,9645,686,9116,18482,1422,147,12,18,79040,6,40194,34831,209,10,35,65,147,606,1350,524,16,996,0,49,455,7708,202,337,1070,15929,193,4066,6,1,6,125,22,273
55,1573,147,77416,5413,15,14,76,9705,621,9178,18207,1472,121,11,22,78906,6,39844,35293,177,12,39,71,164,535,1379,506,24,1014,3,69,476,7865,205,329,1066,16286,239,4129,8,0,3,133,39,274
56,1519,131,77068,5409,20,10,60,9768,653,8982,18389,1493,92,5,32,79544,8,39950,35371,215,15,42,51,139,533,1296,492,21,1016,3,40,515,7874,218,361,1067,16235,161,4144,14,2,4,126,30,262
57,1558,132,76546,5391,29,7,46,9775,691,8818,17963,1461,114,7,23,80596,17,39556,35088,225,9,31,53,158,529,1452,499,19,1033,3,51,520,7620,195,360,1102,16438,189,4184,2,1,5,101,25,283
58,1520,120,77315,5385,14,9,48,9758,612,8957,18318,1423,127,4,36,80830,9,39654,35418,234,13,29,66,147,555,1342,540,21,1030,1,65,481,8039,183,347,1037,16104,210,4090,4,3,1,92,36,269
59,1432,142,77018,5329,27,4,45,9613,660,8991,18214,1453,114,3,26,80103,12,39418,34658,196,17,21,60,153,544,1340,508,11,995,4,51,516,8030,210,372,1090,16269,227,4046,3,3,0,124,22,298
60,1471,144,77216,5225,22,12,54,9640,682,9126,18251,1434,136,7,27,79736,10,39397,34962,234,10,42,58,162,487,1244,505,15,942,2,43,500,7928,219,297,1107,16184,183,4191,5,1,3,134,29,265
61,1512,129,77010,5452,5,5,66,9706,692,9051,18267,1458,139,11,18,79115,9,39927,34996,215,11,37,75,141,571,1273,455,9,1043,2,39,518,7795,211,361,1096,15732,220,4052,2,0,3,116,24,269
62,1480,132,77243,5501,27,8,72,9938,680,9149,18357,1464,138,5,32,79297,7,39878,35305,238,8,30,75,142,565,1296,484,21,967,1,49,485,7692,246,362,1103,16098,191,4079,5,0,6,134,34,265
63,1361,152,76895,5174,21,6,57,9695,705,9182,17892,1433,143,7,31,79678,5,39836,35139,207,20,25,64,144,572,1325,470,14,1019,6,34,545,7854,213,365,1091,16208,198,4168,6,0,3,126,28,261
64,1444,142,76735,5237,29,6,44,9832,633,8992,18333,1437,113,10,28,80457,8,39459,35053,226,20,32,62,157,580,1388,518,17,1000,7,51,485,8024,201,359,1058,16013,222,4088,7,7,6,124,17,294
65,1432,108,76620,5448,19,16,47,9772,655,8915,18345,1444,156,8,34,78939,9,39788,35425,226,16,26,49,141,550,1391,477,12,1124,1,41,522,7781,205,295,1029,16084,199,4201,5,0,1,123,33,276
66,1516,110,77108,5332,16,3,58,9763,681,9131,18106,1396,137,14,34,79501,5,39594,34899,223,21,19,47,166,600,1430,534,8,1004,5,40,503,7861,194,360,1077,15942,182,4174,1,3,3,124,36,249
67,1493,131,77024,5314,15,6,69,9722,645,9244,18603,1463,114,13,32,79665,24,39465,34952,237,17,34,50,113,573,1309,477,23,1009,7,42,510,7702,207,371,1200,16068,192,4134,5,0,0,111,26,238
68,1428,151,76641,5364,22,21,64,9577,608,8930,18592,1439,130,17,27,79617,14,39758,34737,229,14,22,59,126,520,1381,516,14,937,2,49,499,7831,205,345,1082,16060,190,4168,0,2,6,98,29,287
69,1444,145,76865,5452,29,11,54,9875,686,9042,18727,1462,141,2,36,79389,10,39440,35466,241,10,26,57,167,557,1377,477,10,1079,0,56,502,7668,177,323,1022,15803,191,4239,4,6,2,103,19,249
70,1432,140,76517,5417,17,14,49,9829,629,8919,18540,1470,137,11,30,80041,10,39873,35077,229,20,32,75,133,551,1377,508,25,1067,3,47,542,7711,230,310,1049,16267,206,4067,11,0,0,127,14,237
71,1455,131,77466,5390,17,15,50,9662,646,8974,18402,1456,145,16,34,79335,22,40008,35545,206,13,45,54,123,529,1249,548,11,1085,3,56,476,7996,226,355,1068,16035,196,4142,9,0,2,111,26,259
72,1476,123,76776,5278,19,5,41,9786,586,8966,18692,1498,143,4,19,80472,7,39888,34750,236,15,35,52,150,611,1338,505,15,997,0,47,470,7878,176,343,1036,16278,174,4108,4,2,2,123,21,322
73,1475,131,76806,5429,34,6,67,9675,637,9100,18389,1421,154,6,25,79922,18,39787,34916,227,17,23,60,195,542,1322,475,15,1061,1,53,473,7923,213,343,1113,15971,201,4237,8,2,1,100,24,249
74,1434,153,76543,5372,21,13,53,9681,680,8811,18348,1420,120,18,27,79922,14,39484,35098,202,14,37,67,145,546,1361,482,10,1066,1,64,500,7829,194,355,1047,16122,210,4075,4,4,0,105,15,282
75,1460,141,76772,5239,21,6,59,9666,651,8922,18388,1459,106,5,17,78981,21,39572,34999,211,14,25,65,129,560,1440,477,11,1106,1,54,477,7833,216,398,1063,15913,236,4290,6,0,1,79,31,240
76,1493,122,76627,5429,16,12,36,9559,664,9215,18244,1475,134,12,21,79378,15,39502,34520,235,25,40,54,132,574,1283,493,23,963,5,42,487,7900,175,381,1176,16005,193,4171,4,1,5,113,29,243
77,1589,130,76646,5486,24,9,47,9761,678,8814,18454,1430,135,7,22,79853,9,39862,35252,210,20,47,66,148,587,1363,514,17,1055,2,53,516,7907,215,380,1027,16010,160,4067,9,0,4,110,31,264
78,1464,137,76532,5367,18,10,54,9739,665,8966,18550,1426,114,15,22,79554,5,40081,35259,193,17,19,69,169,508,1276,481,9,1042,1,42,504,7932,181,354,1096,15955,184,4008,5,0,3,112,30,270
79,1522,145,76436,5364,23,9,51,9726,660,9042,18089,1356,152,12,18,79920,13,39845,35197,229,10,23,57,137,540,1356,503,24,1043,0,62,510,8003,220,331,1120,15903,188,4148,7,0,4,98,26,295
80,1449,158,76392,5260,15,15,47,9583,601,8994,18586,1411,138,11,31,79974,8,39700,34815,218,21,34,66,120,563,1245,553,22,1028,2,39,463,7695,188,336,1070,16061,221,4150,5,0,2,118,27,264
81,1423,127,76841,5355,20,6,55,9466,658,8897,17799,1474,122,10,21,79964,11,39764,35586,201,23,25,73,189,544,1398,529,20,1054,1,53,479,7681,227,328,1057,16194,250,4218,4,1,0,99,34,298
82,1402,148,76916,5225,11,12,59,9757,647,9067,18318,1515,141,5,16,79607,11,39234,35069,237,9,30,77,164,573,1413,534,14,1055,3,36,501,7842,207,314,1160,16160,185,4179,4,5,3,110,27,273
83,1448,139,76940,5375,11,6,56,9631,647,9158,18225,1400,121,11,15,79712,11,39460,34846,178,14,35,58,155,515,1273,471,10,1074,6,50,524,7515,192,374,1128,16151,236,4129,2,0,6,99,30,298
84,1471,130,76928,5415,19,11,70,9885,671,9063,18164,1379,115,8,28,79424,18,39558,34976,222,19,30,59,151,608,1401,510,23,1026,0,51,518,7907,210,333,1038,15995,197,4281,2,1,1,112,24,290
85,1440,122,76727,5188,19,13,41,9647,634,9079,18452,1374,140,10,23,80047,9,39255,34855,205,16,16,58,165,567,1393,486,9,1055,3,41,526,7992,196,358,1092,16277,173,4351,6,0,0,124,36,258
86,1431,164,76834,5190,20,22,44,9781,630,8981,18264,1547,142,7,20,80152,2,39562,34831,205,12,15,64,191,517,1371,533,21,990,5,49,515,7959,186,371,1094,16244,184,4145,11,1,2,129,40,249
87,1488,141,76626,5439,20,12,46,9642,658,8982,18487,1501,139,14,34,79797,15,39871,34727,190,12,32,61,157,567,1439,513,26,1075,0,54,507,8006,251,363,1080,16169,181,4079,4,1,4,99,35,249
88,1516,116,76630,5298,24,8,51,9824,636,9081,18362,1403,115,2,19,80334,8,39809,34876,231,14,28,52,153,549,1296,541,6,1100,7,45,484,7654,181,365,1039,15994,207,4252,7,0,2,122,31,268
89,1494,145,77149,5277,12,12,38,9747,590,8942,18419,1398,141,18,33,79681,13,39804,34928,234,25,28,64,137,469,1346,492,16,1028,10,31,436,7807,226,361,1046,16074,203,4007,1,0,5,107,30,255
90,1502,147,76771,5473,20,11,66,9647,576,9110,18296,1467,134,13,27,79722,11,39532,35328,217,13,39,61,126,576,1327,543,10,965,0,49,522,7750,211,337,1126,15972,163,4195,8,0,4,82,21,314
91,1481,146,76384,5300,13,8,62,9715,655,8948,18186,1400,125,4,27,79967,19,40084,34933,224,17,40,44,145,547,1370,525,17,1075,2,55,516,7704,224,320,1094,16018,219,4056,0,2,2,106,46,288
92,1403,118,76346,5327,20,5,49,9813,638,9194,18884,1326,151,14,22,80181,7,40076,35532,235,24,43,55,126,606,1362,481,24,1025,1,45,520,7737,220,361,1074,16319,192,3999,7,0,5,111,36,275
93,1461,165,77249,5553,11,5,62,9526,726,9147,18250,1478,157,7,29,80167,12,39436,35065,221,9,33,77,158,562,1417,526,11,998,0,37,458,7916,209,366,1068,16145,182,4212,5,0,4,118,30,245
94,1544,150,77023,5268,17,4,49,9783,695,8959,18544,1415,176,8,24,79928,11,39406,35255,231,19,37,68,153,556,1335,491,13,1108,2,49,538,7779,223,365,1106,15916,170,4011,8,0,0,100,37,277
95,1509,137,76073,5489,20,9,61,9902,658,8991,18264,1410,141,13,28,79604,13,39872,35494,205,11,24,73,146,591,1329,511,11,1019,4,57,548,7932,204,303,1045,15859,177,4141,5,1,4,108,41,260
96,1481,136,76421,5323,23,8,60,9642,641,9007,18360,1368,143,8,30,79897,12,40152,34960,229,17,22,52,163,588,1388,547,9,1045,2,43,493,7938,224,336,1138,16271,185,4055,4,3,5,96,28,283
97,1493,151,76935,5313,14,5,55,9521,652,9162,18317,1402,126,16,23,79821,14,39853,35279,214,11,29,47,149,500,1429,493,20,1034,5,68,494,7752,222,365,1012,15792,176,4223,2,0,0,92,38,277
98,1444,125,76908,5427,25,8,60,9755,650,9424,18286,1402,103,7,43,79552,13,39884,35146,210,13,35,59,141,535,1369,506,13,1083,2,51,494,7859,187,319,1114,16011,222,4305,7,0,4,118,18,246
99,1461,141,77267,5329,14,3,64,9524,614,8924,18512,1429,165,16,20,78894,11,39416,35022,233,26,26,70,171,513,1331,530,19,1103,4,45,472,8002,211,336,1065,16032,167,4207,8,0,3,89,27,268
100,1446,140,76550,5533,13,10,51,9602,619,8968,18319,1388,132,8,31,80286,13,39412,35474,222,22,40,42,153,564,1301,539,18,1025,6,59,477,7820,209,364,1082,16164,215,4091,6,0,3,99,29,254
101,1465,122,77200,5485,23,6,44,9851,715,9124,18449,1417,112,11,35,80156,6,39918,34717,221,18,19,53,141,560,1275,479,14,1119,4,57,486,8115,191,365,1122,16139,188,4088,4,4,0,103,35,279
102,1522,116,77146,5360,21,8,49,9832,710,8994,18144,1474,163,14,22,79996,15,40114,34709,219,18,35,64,203,561,1374,483,15,993,1,46,534,7824,249,329,1093,16189,168,4195,6,1,6,134,26,265
103,1456,131,76832,5432,21,11,46,9819,637,9184,18380,1443,136,15,41,80101,9,40131,35011,218,12,33,70,149,510,1248,503,13,1097,2,47,463,7873,218,329,1042,16243,223,4135,2,6,4,96,28,264
104,1445,151,76709,5417,24,4,44,9764,583,9094,18741,1369,145,6,22,80848,13,39773,35116,196,22,27,53,144,572,1399,517,20,1042,2,57,501,7781,195,350,1108,16025,181,4252,6,2,1,120,37,263
105,1562,146,77070,5373,10,11,60,9781,596,9159,18167,1379,120,16,22,79022,8,39873,35257,225,18,19,40,137,545,1313,519,7,1015,4,61,481,7683,231,347,1062,15965,207,4110,7,1,2,109,25,276
106,1442,139,76874,5462,14,10,44,9544,624,8905,18632,1463,131,8,28,80001,12,39881,35215,208,19,21,50,174,561,1409,541,15,1019,6,45,500,7802,216,379,1099,16221,167,4112,4,1,2,111,33,308
107,1435,119,76645,5457,11,15,61,9401,637,9048,18601,1415,131,5,25,79747,11,39375,34948,182,12,28,61,136,594,1381,490,17,1099,3,39,516,7707,217,351,1150,16302,165,4009,2,0,0,108,26,271
108,1527,148,76752,5357,20,5,59,9655,627,9098,18432,1455,113,3,29,79809,11,39666,35265,209,15,40,62,153,568,1427,469,17,1120,2,44,498,7979,185,352,1076,15897,211,4262,7,2,6,121,36,301
109,1539,161,76700,5177,22,5,62,9761,632,9140,18280,1403,132,11,28,79716,10,39657,34928,225,17,37,62,173,556,1415,461,10,1118,2,44,485,7967,189,316,1111,16045,216,4057,2,5,2,105,22,260
110,1479,116,76798,5152,21,16,65,9544,652,9246,18457,1410,149,3,28,80009,11,39685,35074,220,24,37,47,149,525,1281,485,15,1058,3,46,533,7723,201,329,999,16193,159,4143,4,1,5,86,24,252
111,1493,128,76567,5559,16,7,51,9821,628,8907,18427,1393,137,4,28,79983,3,39801,35171,242,9,41,75,135,574,1437,496,12,1071,1,40,461,7887,200,334,1131,16096,193,4114,1,0,1,116,34,293
112,1512,175,76735,5381,36,12,52,9733,701,8827,18304,1455,133,8,20,80447,15,39774,34825,228,13,24,52,164,540,1270,497,18,1011,1,48,482,8015,206,358,1005,15905,213,4081,7,0,5,87,38,273
113,1556,154,76834,5347,31,14,37,9815,674,9022,18432,1465,109,11,25,79454,11,39734,35132,204,20,29,61,131,544,1443,525,9,1034,5,41,496,7934,198,310,1078,16425,206,4159,3,0,3,102,30,280
114,1471,144,76987,5452,20,10,44,9726,671,8932,18272,1385,116,8,28,80213,15,39848,35113,223,12,30,56,155,552,1361,532,11,1014,0,55,511,7542,232,379,1138,16381,177,4166,9,1,1,127,23,284
115,1432,163,76943,5405,16,11,51,9569,673,8971,18261,1452,140,11,16,79902,15,39484,34954,219,20,40,55,146,558,1391,493,14,1006,0,47,462,7865,194,388,1012,16067,177,4285,3,0,4,86,32,274
116,1525,134,76894,5414,20,14,56,9675,638,9062,18354,1483,127,6,21,79305,15,39890,34997,203,21,28,66,128,569,1340,534,13,1033,0,35,492,7830,206,357,1143,16278,184,4193,9,0,2,96,28,297
117,1503,126,76593,5373,19,7,54,9773,671,9181,18621,1403,116,12,44,80443,22,39764,35587,255,18,28,48,157,586,1362,507,12,992,2,51,491,7947,182,341,1048,16278,199,4161,10,0,1,90,25,258
118,1488,133,77210,5278,23,8,48,9748,692,8927,18220,1435,136,9,22,79961,7,39558,34762,230,16,31,71,144,572,1414,552,11,1058,2,63,485,7855,217,362,1180,16333,209,3992,1,2,6,121,34,267
119,1421,144,76641,5606,22,6,68,9956,655,9014,18529,1471,131,5,33,79210,16,40369,35007,223,8,28,53,152,571,1364,473,11,1061,4,33,520,7902,206,313,1004,16203,212,3956,2,0,0,107,20,273
120,1442,156,77578,5387,12,7,59,9495,633,9167,18427,1406,127,6,28,79233,8,39436,35061,212,17,41,62,151,540,1357,441,6,1043,1,46,503,7840,189,350,1155,16148,189,4153,2,1,1,108,23,236
121,1429,124,77076,5430,24,8,53,9644,691,8897,17995,1475,113,10,22,80153,8,39822,35347,241,12,34,55,138,575,1431,499,10,1016,2,41,509,7841,220,350,1080,16248,209,4401,1,0,6,125,31,248
122,1453,159,76866,5515,28,9,47,9871,667,8890,18409,1443,134,7,27,79539,16,39667,34725,213,21,34,56,147,525,1433,499,23,1016,1,52,529,7870,194,346,1117,15995,203,4152,6,1,1,115,22,253
123,1512,133,76846,5383,17,5,47,9417,681,8714,18321,1351,135,6,28,80149,14,39642,35001,232,17,24,49,179,531,1374,514,15,1095,4,55,479,7847,242,370,1099,15874,182,4157,2,0,11,104,29,252
124,1458,123,76608,5322,27,9,56,9845,714,8988,18366,1377,142,9,20,80406,11,40037,34735,198,21,23,76,122,630,1365,486,19,1012,0,39,491,7818,227,321,1063,16077,217,4294,10,3,4,103,39,237
125,1547,132,76870,5321,20,3,60,9663,704,8979,18329,1473,120,7,32,79871,7,39304,35159,241,13,39,61,143,578,1301,497,10,1047,2,47,473,7999,220,358,1053,15922,194,4144,8,1,6,120,21,264
126,1493,131,76535,5600,39,8,69,9855,709,9153,18403,1469,122,6,28,79529,7,39813,35395,210,21,26,76,123,595,1252,510,15,980,5,56,496,7859,209,300,1005,16108,206,4153,14,1,0,114,32,249
127,1379,160,77209,5469,29,4,84,9614,578,9044,18306,1399,157,20,25,79635,18,40300,35400,187,11,34,58,122,575,1352,479,10,1003,1,45,516,7847,238,346,1096,15787,203,4151,6,0,3,107,20,294
128,1469,130,77253,5492,16,8,48,9497,604,9065,18157,1510,123,10,35,79917,17,39404,35200,217,11,29,72,140,571,1319,480,7,1044,2,57,484,7687,186,357,1101,16198,217,4267,6,3,4,120,27,252
129,1420,127,76466,5453,22,7,46,9911,686,8804,18143,1424,124,10,26,79608,8,40123,35131,247,11,30,55,161,579,1385,552,8,991,5,40,540,7833,194,356,1084,16215,210,4167,3,1,0,99,40,262
130,1514,139,76736,5430,17,14,56,9950,631,9093,18374,1478,125,15,30,79876,14,39364,35030,202,13,46,59,163,573,1314,509,19,978,0,61,454,7761,209,331,1111,16213,189,4328,3,0,2,107,20,287
131,1443,162,76778,5358,17,5,46,9680,684,8900,18554,1464,134,10,22,80250,21,39486,34924,202,22,37,62,166,546,1391,518,23,1066,4,47,457,7836,236,348,1048,16267,181,4143,7,1,2,105,20,228
132,1475,133,76520,5545,11,13,60,9689,715,9120,18350,1420,122,11,49,79773,10,39807,35307,215,10,31,50,161,605,1421,513,31,1081,3,57,521,7778,199,333,1090,16162,186,4140,1,0,3,115,42,257
133,1398,124,76538,5281,19,7,75,9816,629,9168,18414,1462,117,7,14,80002,13,39749,35296,204,11,24,60,162,599,1227,501,7,1059,1,51,470,7858,218,335,1043,15851,196,4153,2,0,9,121,25,276
134,1460,137,76108,5348,14,8,55,9502,635,9082,18128,1394,135,6,30,79850,5,40182,35178,221,14,26,62,153,581,1339,497,10,1074,6,41,487,7856,185,327,1058,16162,216,4190,3,0,8,126,42,278
135,1546,151,76256,5370,19,3,51,9792,710,8943,18208,1399,113,9,43,80038,9,40314,34765,200,22,28,51,131,584,1348,529,23,1068,6,45,484,7749,207,360,1137,15878,189,4047,3,0,7,104,24,258
136,1404,149,77304,5327,13,8,48,9840,606,8719,18286,1474,162,11,31,80044,15,40202,35084,247,22,29,52,121,524,1314,488,21,1035,5,53,461,7934,175,431,1033,16238,230,4100,7,1,2,96,35,276
137,1502,136,76557,5251,23,10,51,9553,648,9102,18120,1528,124,9,24,80440,8,39691,35091,207,10,29,56,137,525,1317,507,24,1010,2,32,476,7773,202,333,1171,16323,209,4183,8,0,3,102,26,254
138,1488,144,76785,5517,17,3,55,9616,645,9164,18408,1531,123,10,27,80213,11,39862,34804,243,14,34,64,161,577,1412,529,19,1019,1,53,540,7777,205,341,1102,16046,218,4039,6,0,8,112,27,297
139,1483,128,76340,5297,20,12,50,9588,564,9058,18306,1416,137,9,23,79761,22,39795,34843,192,16,15,65,147,574,1329,510,16,1102,2,50,473,7870,185,378,1083,16070,202,4250,7,2,1,99,31,286
140,1456,120,77206,5254,27,11,67,9616,616,9068,18155,1480,108,11,37,79444,10,39528,34938,241,17,34,56,167,557,1310,508,23,1001,5,45,511,7969,212,372,1067,16084,193,4089,11,0,0,100,36,301
141,1443,147,76654,5300,16,12,78,9738,667,9109,18457,1405,163,5,33,79734,17,39763,34966,225,19,17,48,131,567,1422,508,14,1014,2,47,476,7959,216,390,1104,15780,192,4107,3,3,5,125,28,272
142,1511,153,77048,5357,18,8,52,9868,658,9005,18277,1431,128,8,11,80393,9,39844,35286,207,12,37,76,151,541,1374,502,18,1116,4,50,515,8058,222,353,1140,15789,204,4094,5,2,5,97,31,283
143,1391,141,76701,5232,27,18,61,9789,587,8891,18506,1471,128,9,15,79403,11,39642,34843,197,21,15,63,155,498,1355,473,12,1081,1,43,523,8039,197,334,1125,16146,202,4180,10,1,1,97,26,308
144,1477,142,76926,5481,19,8,59,9561,682,8859,18394,1370,136,3,28,79231,8,39640,35141,254,19,31,53,156,589,1350,533,17,1053,1,61,511,7811,204,380,1160,16116,176,4209,2,2,1,105,35,289
145,1461,170,76619,5553,23,15,45,9649,664,8962,18329,1452,146,6,17,79384,12,39635,35042,218,11,39,62,156,613,1354,536,23,988,1,64,496,7912,201,351,1141,16019,194,4346,7,2,4,105,34,299
146,1483,123,76514,5312,21,15,53,9581,633,8958,18542,1483,154,8,43,79684,17,39724,35382,191,12,44,65,152,570,1361,523,19,1010,1,34,518,7779,202,338,1073,15988,213,4187,7,1,1,116,28,302
147,1453,142,77079,5296,30,6,51,9611,707,9049,18379,1428,137,5,27,79175,8,39936,35052,209,15,36,61,128,487,1351,476,16,981,4,58,555,7901,197,393,1046,16151,208,4144,5,2,3,94,39,319
148,1546,144,76434,5519,24,10,56,9295,680,8953,18203,1430,124,2,38,79552,7,40176,35195,203,22,26,50,151,545,1333,476,12,1017,2,58,510,7641,224,400,1013,16163,191,4225,7,0,1,108,38,307
149,1507,121,77348,5499,26,10,67,9733,729,8848,18377,1468,130,6,30,79670,3,39733,34980,224,34,42,48,158,546,1341,535,6,1065,1,43,546,7766,207,389,1117,16158,210,4054,5,3,4,126,33,249
150,1457,127,77214,5271,22,11,51,9834,640,9128,18129,1428,127,14,39,80714,8,39775,35161,223,12,38,67,156,515,1394,537,15,1041,3,56,509,7761,225,332,1087,15953,219,4138,12,0,1,121,22,275
151,1435,142,76518,5480,10,10,44,9672,684,9151,18164,1327,138,5,31,79343,20,39978,35817,245,14,29,73,135,518,1241,514,6,1076,5,46,482,7968,223,326,1068,15444,178,4102,2,2,1,93,23,258
152,1475,115,76580,5364,12,8,46,9565,659,9094,18303,1467,147,11,29,79998,12,39388,34872,202,25,26,58,182,591,1302,474,14,1027,0,40,504,7874,202,349,1099,16112,195,4254,2,1,4,107,37,297
153,1519,107,76215,5515,23,9,72,9880,645,8992,18121,1516,146,10,30,79621,20,39839,35380,196,8,35,56,130,566,1360,503,17,1065,0,46,463,7842,193,399,1087,15970,174,4011,4,0,7,100,25,317
154,1499,146,76572,5511,27,10,52,9684,629,9067,18132,1398,126,8,16,79341,13,39933,34738,204,18,41,69,169,505,1328,508,27,1069,1,58,481,7790,204,382,1147,15949,195,4038,1,2,1,122,40,265
155,1440,142,77050,5411,31,17,63,9613,667,9024,18219,1491,124,12,13,79694,4,40206,34942,214,8,53,80,158,582,1287,521,21,1047,4,36,522,7809,220,343,1096,16101,198,4146,5,1,4,104,32,301
156,1419,129,77263,5278,25,10,48,9752,640,9092,18356,1397,148,10,25,79969,9,39844,35352,213,15,37,71,158,535,1328,539,23,1092,2,42,495,7854,207,375,1063,16159,195,4165,8,1,3,117,30,264
157,1469,132,76911,5253,27,15,52,9685,700,9037,18376,1483,123,14,26,79797,13,39498,34475,204,8,23,74,144,537,1367,494,20,943,2,59,516,7905,225,377,1091,16033,204,4249,8,1,3,89,21,273
158,1464,138,76854,5397,13,8,43,9984,605,9138,18239,1469,146,8,24,79417,7,39609,34672,252,19,25,78,168,511,1371,470,10,1004,1,36,515,7665,196,364,1139,16172,184,4099,4,5,5,103,31,306
159,1461,156,76969,5414,22,11,46,9567,635,8893,18375,1424,134,12,15,79214,10,39675,34903,208,16,25,69,151,554,1377,509,11,982,3,48,492,7869,198,355,1063,16048,216,4309,6,3,2,126,36,245
160,1488,139,76598,5393,16,7,52,9676,621,9242,18348,1309,124,8,23,79630,19,39652,35071,232,25,23,72,139,559,1232,553,19,1081,0,42,482,7984,200,335,1063,16171,186,4173,8,2,1,100,32,257
161,1370,166,77203,5408,25,14,56,9571,673,9078,18322,1373,120,10,35,80024,13,39626,35305,238,24,23,63,124,575,1303,495,15,1048,1,64,487,8120,206,337,1080,16369,161,4262,6,2,2,124,26,276
162,1433,142,76591,5460,16,5,59,9849,641,8995,18420,1419,124,6,26,80099,15,39693,35251,206,14,18,57,138,576,1359,511,17,1045,2,53,481,7919,199,330,1157,16155,196,4171,2,4,1,116,32,265
163,1483,140,76114,5469,22,11,54,9900,609,8938,18544,1459,139,4,22,79626,11,39310,34871,195,14,27,68,142,512,1358,514,12,1021,2,61,502,7805,227,314,1058,16087,197,4101,6,0,6,92,29,281
164,1554,125,76940,5348,19,24,64,9636,697,8850,18276,1454,153,8,40,79709,12,40131,34977,218,16,26,62,160,567,1365,497,16,993,1,39,510,7900,208,394,1096,15986,148,4100,10,0,6,89,29,264
165,1502,152,77534,5410,28,18,35,9686,669,9238,18672,1411,172,17,38,79396,11,39797,35150,193,8,45,58,138,555,1227,493,17,1129,3,39,494,7937,188,323,1108,15955,202,4062,10,2,1,111,37,256
166,1654,177,76382,5351,15,2,63,9652,688,8963,18597,1449,122,6,40,79771,14,39542,35092,214,14,18,63,135,578,1299,556,34,1058,1,45,500,7818,183,390,1063,16092,183,4324,11,2,6,101,14,273
167,1459,140,77191,5355,16,4,40,9885,642,9218,18410,1420,160,10,20,79669,11,39953,35282,188,12,32,57,156,505,1414,520,12,1042,2,59,504,7750,198,372,1137,16201,203,4162,7,4,4,101,46,267
168,1410,126,76853,5351,19,14,83,9816,699,9001,18255,1369,118,21,20,79784,12,39698,35256,198,11,19,45,151,534,1386,492,19,994,2,59,492,7793,183,341,1018,16197,215,4205,5,2,2,109,34,292
169,1439,136,76614,5232,20,17,42,9603,668,9081,18198,1454,110,8,38,79979,11,39697,35268,205,5,38,60,145,577,1283,556,14,1050,2,39,504,7746,203,379,1048,16014,192,4113,10,0,8,100,32,265
170,1457,120,76879,5332,17,11,61,9773,697,9230,18173,1409,114,15,22,79698,12,39355,35035,238,14,29,51,126,556,1372,525,15,1078,0,48,478,7881,223,330,1064,16173,178,4153,10,0,2,87,39,245
171,1473,132,77004,5426,20,6,63,9514,632,8978,18502,1446,161,10,46,79562,4,39843,35144,254,19,38,61,153,478,1360,496,23,1008,3,46,494,7719,217,332,1074,16129,159,4234,6,0,3,119,27,266
172,1468,164,76974,5524,18,9,43,9936,629,9091,18072,1400,130,10,24,79518,9,39953,35343,195,17,24,56,181,571,1345,523,23,984,0,52,476,7849,187,362,1162,16234,207,4059,5,3,9,106,28,236
173,1477,119,75850,5479,15,5,63,9622,618,9004,18218,1302,141,9,24,79139,17,39921,34994,193,18,30,50,166,572,1310,454,3,1116,3,23,487,7815,202,356,1094,16244,207,4078,4,0,0,126,42,236
174,1481,146,76436,5344,19,17,62,9727,680,9033,17962,1427,119,6,20,79780,9,39517,35161,196,9,35,66,147,553,1302,528,11,993,3,29,480,7835,207,348,1129,16129,197,4175,5,0,5,132,21,245
175,1443,162,76559,5489,22,9,59,9721,633,9156,18306,1332,127,11,41,79833,14,39564,35316,251,26,28,62,144,596,1435,522,15,1131,2,33,463,7812,196,341,1055,16316,219,4279,5,0,3,126,19,276
176,1461,123,76334,5469,26,6,56,9419,650,8966,18566,1475,171,8,30,79531,13,39612,35121,208,10,20,62,176,579,1345,545,14,1077,6,42,505,7743,198,450,993,15833,197,4203,6,0,2,133,21,280
177,1408,156,76422,5326,22,6,44,9716,661,9051,18364,1409,114,10,22,79465,17,39738,35291,233,16,34,58,155,557,1395,468,9,1079,4,53,435,7795,186,387,1128,16106,196,4055,6,2,1,86,22,287
178,1527,148,76962,5245,19,10,51,9380,620,9103,18397,1335,155,8,22,78787,12,39370,35102,204,11,36,56,146,511,1417,489,16,1072,0,50,489,7849,226,316,1157,15993,201,4202,2,1,2,118,36,279
179,1510,156,76528,5417,13,21,37,9688,666,9223,18311,1400,128,10,32,79409,10,40426,35371,213,23,25,47,173,518,1395,487,10,1025,0,55,497,7709,209,358,1055,15988,159,4071,0,0,4,103,35,270
180,1456,144,76993,5416,15,7,80,9573,685,9107,18272,1435,125,9,26,80118,6,39512,35158,233,8,33,82,152,548,1341,453,9,1093,2,44,431,7771,193,353,1114,15980,177,4183,6,0,7,120,39,301
181,1537,143,77145,5335,13,8,49,9866,655,9122,18485,1562,155,15,27,79932,10,39557,35295,208,11,33,53,171,618,1268,503,25,1011,2,51,460,7779,203,360,1003,16076,184,4360,15,1,3,107,31,270
182,1479,137,77463,5510,16,12,47,9749,676,9114,18613,1338,147,15,12,79631,14,39801,34964,225,14,26,56,160,580,1331,501,5,980,1,54,521,7774,211,347,1133,15674,186,4234,10,1,5,118,23,278
183,1449,152,76766,5496,20,5,44,9970,668,8935,18234,1443,129,10,32,79677,5,39035,34923,211,14,35,74,136,500,1320,543,23,1019,5,38,487,7877,215,281,1074,16140,192,4070,4,0,4,100,19,301
184,1454,139,77230,5334,25,9,68,9698,639,8968,18282,1391,131,8,26,79582,15,39933,35014,227,11,33,56,141,546,1402,503,15,1052,1,61,474,7975,206,376,1090,16041,184,4350,3,11,9,106,33,294
185,1490,118,76406,5418,20,11,67,9919,713,8771,18097,1415,136,6,17,80295,11,39500,34849,190,19,18,62,176,543,1205,521,14,1030,0,48,491,7847,209,348,1087,16051,212,4177,3,0,3,140,18,282
186,1455,160,76811,5468,21,9,49,9642,646,9039,18414,1379,129,5,14,80147,12,39730,35233,217,14,27,53,141,545,1393,493,20,1055,5,39,468,7895,177,327,1064,16026,212,4178,4,2,3,89,32,237
187,1497,114,76994,5319,23,10,43,9766,644,8928,18632,1519,162,14,30,79035,35,40043,35163,229,18,16,57,151,518,1393,524,10,987,0,57,449,7846,221,302,1049,15753,198,4178,2,1,3,100,27,256
188,1530,119,76874,5320,21,21,75,9526,626,8949,18338,1461,153,9,17,79669,16,39721,35616,219,11,48,72,159,527,1362,526,15,1049,5,61,492,7796,223,331,1107,16360,168,4149,4,2,1,97,28,275
189,1610,152,76640,5369,12,7,67,9715,679,9237,18244,1512,138,1,37,80725,10,39617,35314,220,16,30,60,159,555,1348,553,17,1109,0,49,476,7863,196,374,1092,16295,208,4018,9,1,5,104,21,271
190,1498,159,76671,5503,11,8,61,9755,673,9149,18276,1435,126,8,25,79856,9,39849,34703,215,14,30,75,146,571,1305,546,14,1084,0,37,534,7773,179,341,1134,16063,179,4126,7,0,2,90,34,306
191,1537,130,75877,5414,9,14,57,9545,707,9001,18300,1452,116,10,24,80243,15,39773,35685,198,16,26,68,148,519,1360,483,12,1028,2,42,547,7853,171,382,1052,16034,150,4113,7,0,1,87,30,265
192,1439,145,77219,5550,17,4,46,9614,660,9003,18455,1389,143,4,27,79806,3,40160,34949,211,21,35,67,129,518,1339,524,10,1016,2,73,488,7746,196,342,1114,15975,190,4037,1,1,5,114,34,251
193,1511,128,76853,5319,24,11,73,9974,603,8844,18444,1475,127,4,35,79432,13,39765,35171,228,4,24,52,147,599,1420,526,19,1053,0,50,518,7905,224,325,1081,16177,198,4339,9,0,4,109,44,296
194,1441,122,77470,5501,10,8,53,9917,702,9255,18443,1435,139,9,22,80134,4,39878,35101,194,13,27,62,139,563,1421,500,15,1070,2,43,488,7772,216,329,1031,16140,223,4119,5,0,4,107,22,247
195,1411,137,76733,5405,27,13,65,9540,651,8916,18314,1423,138,11,36,79600,7,39872,35125,239,15,31,44,141,588,1366,515,27,1102,2,46,444,8039,207,323,1098,16290,212,4133,5,2,1,128,32,277
196,1463,159,76827,5292,27,16,57,9713,595,8780,18433,1478,98,6,42,79749,13,38800,35414,202,20,40,45,150,521,1336,509,13,1091,2,57,531,7866,231,387,1095,16268,215,4198,4,0,0,142,25,272
197,1447,143,77488,5475,27,11,46,9651,659,9116,18552,1499,132,12,20,79181,8,39933,34743,185,15,25,54,168,649,1261,522,22,1035,1,42,545,8019,218,312,1172,16117,195,4168,6,1,2,104,24,308
198,1488,132,77005,5400,19,13,54,9844,707,8838,18426,1457,144,5,18,79502,16,39955,35088,204,16,32,72,153,609,1321,552,16,1043,0,48,501,7942,208,328,1103,15972,226,4067,3,0,8,103,29,267
199,1400,158,76642,5265,19,12,58,9575,662,9227,18598,1400,137,3,31,78991,19,39839,35817,272,11,28,56,156,572,1377,523,21,1035,3,45,486,7871,194,345,1066,16138,181,4168,7,0,3,111,30,280
200,1529,146,76830,5414,15,10,56,9753,603,8823,18503,1374,142,7,31,80231,9,39715,35256,224,7,33,64,176,573,1196,488,12,1072,2,45,505,7866,196,349,1164,16160,218,4250,4,0,1,123,43,284
201,1493,117,77234,5208,34,10,56,9647,666,9080,18542,1487,131,12,38,79728,6,39755,35037,235,28,17,46,140,507,1239,527,12,1016,0,47,564,8032,214,381,1005,15765,209,4143,1,2,0,103,30,270
202,1431,115,76945,5319,20,23,55,9796,654,9146,18437,1403,124,10,27,79829,12,39786,34987,202,20,42,63,160,534,1363,520,13,1018,7,36,456,7625,193,353,1050,16069,188,4159,10,0,3,116,49,250
203,1444,165,77019,5415,20,13,41,9608,699,8971,17965,1415,116,8,25,79626,24,39792,35173,203,18,36,46,119,576,1383,526,14,1065,2,41,473,7670,214,332,1148,15779,181,4202,7,0,2,93,33,341
204,1465,160,76607,5410,26,7,57,9720,714,9090,18331,1364,143,11,30,79230,22,40055,34971,225,8,30,56,170,552,1397,463,10,1024,1,39,455,7857,207,342,1071,16194,181,4249,5,2,4,103,44,258
205,1424,155,76866,5404,16,5,56,9617,614,9013,18344,1477,116,7,27,79667,14,39603,35176,160,16,40,56,140,610,1383,458,20,1062,4,53,476,7863,173,330,1154,15910,212,4131,2,1,4,96,21,260
206,1502,145,76753,5407,38,11,41,9555,698,8982,18173,1464,115,15,34,79482,11,39458,34998,208,10,21,47,155,570,1305,528,14,1059,2,36,536,8075,203,376,1066,16355,149,4302,7,2,4,100,19,308
207,1513,156,76702,5131,14,15,52,9631,645,9079,18264,1406,151,6,30,80338,12,40162,35175,221,5,36,56,175,534,1427,545,14,1017,2,78,545,7803,240,330,1096,15851,198,4042,3,5,2,107,30,264
208,1426,151,76375,5487,12,15,63,9766,672,9010,18040,1466,130,10,20,79454,13,39627,35322,202,19,24,58,122,591,1387,565,21,1016,0,56,499,7898,205,376,1117,16301,223,4039,5,0,2,102,30,259
209,1438,143,76039,5366,16,10,60,9934,610,9089,18308,1489,135,4,36,79636,15,39687,35301,227,19,41,71,141,554,1374,515,14,1046,0,59,508,7998,204,300,1115,15939,181,4260,3,0,4,93,30,264
210,1377,128,76436,5047,18,12,49,9580,703,8718,18301,1412,118,9,22,79809,16,39848,34933,213,13,35,65,133,531,1394,496,11,1034,0,41,488,7888,207,352,1120,16197,196,4220,7,2,1,105,24,270
211,1510,142,76333,5446,19,9,53,9701,684,8881,18418,1434,141,14,31,80529,17,39668,35018,195,18,25,65,149,525,1304,487,16,1019,2,40,508,7845,227,406,1135,16338,218,4307,2,1,1,110,25,260
212,1418,123,76629,5434,19,10,54,9779,640,8897,18127,1442,132,11,11,80783,8,40002,35391,277,16,29,51,137,572,1405,562,17,1115,3,65,517,7659,212,337,1107,16135,223,4200,8,2,0,102,27,283
213,1492,154,76910,5428,20,5,63,9411,702,9072,18134,1401,136,8,28,80181,20,39676,34996,184,13,35,55,172,536,1371,507,8,997,2,66,494,7892,227,270,1068,16130,208,4174,5,1,2,113,34,268
214,1538,124,77045,5451,23,12,61,9694,687,8945,18281,1370,155,5,42,79413,15,39592,35307,211,11,29,72,145,625,1190,499,8,1039,2,43,476,7551,182,410,1034,16017,208,3979,11,2,3,89,21,242
215,1539,170,76838,5321,12,7,53,9636,652,8981,18018,1521,132,6,30,79441,16,40089,35089,212,12,27,54,166,556,1419,550,12,1069,1,41,526,7634,176,410,1098,16261,213,4273,3,5,3,123,28,239
216,1451,131,76964,5317,18,5,44,9653,659,9050,18499,1439,117,7,24,80227,12,39611,34767,207,15,26,63,160,536,1422,500,15,1112,2,48,500,7860,227,317,1057,16148,186,4147,7,0,6,122,42,292
217,1506,159,77576,5070,19,6,67,9712,658,9327,18076,1440,138,5,35,79217,13,39673,35303,188,20,18,57,147,492,1314,516,15,999,1,61,493,7937,211,331,1065,15994,207,4173,7,2,6,112,27,299
218,1496,146,76562,5339,18,5,55,9710,657,8722,18453,1423,118,9,30,79928,15,39696,35647,257,13,39,52,150,591,1364,535,9,1011,1,39,536,7820,182,337,1161,15950,215,4228,5,0,2,117,26,274
219,1529,123,76428,5396,27,10,40,9759,715,9094,18174,1479,127,7,26,79834,13,39312,35032,190,19,39,64,164,582,1412,549,11,999,6,37,479,7848,211,406,1144,16172,219,4292,4,6,2,98,25,305
220,1399,156,77381,5270,21,7,60,9827,654,9004,18211,1422,139,10,33,80056,16,39990,34817,229,19,35,68,135,575,1324,465,12,968,4,32,496,7712,208,358,1186,16187,204,4212,3,2,6,98,23,290
221,1472,140,77154,5418,23,12,40,9887,662,9149,18278,1505,142,11,21,79661,6,39769,35317,210,15,42,63,139,533,1274,519,23,1007,1,53,514,8055,242,392,1023,16199,183,4299,7,1,3,108,28,261
222,1450,123,76740,5464,21,5,46,9685,691,8859,18098,1364,159,13,29,79365,17,39654,34981,216,15,21,49,143,545,1393,520,13,1031,5,50,470,7691,213,334,1051,16284,191,4089,8,0,0,125,34,295
223,1474,147,76785,5428,17,8,61,9695,686,8827,18489,1431,121,5,39,79008,10,39319,35352,192,13,34,56,122,605,1325,501,17,1050,3,49,460,7763,212,348,1131,16315,212,4045,9,4,2,123,32,277
224,1464,154,76258,5424,19,8,53,9607,651,9057,18274,1471,126,8,25,79870,8,39495,35140,197,14,22,61,160,545,1367,482,10,1008,0,45,470,7848,209,335,1041,16022,188,4110,7,1,1,93,20,285
225,1436,142,76488,5450,15,13,51,9767,701,8917,18270,1511,163,4,31,78784,17,39860,35287,184,16,55,70,138,493,1340,532,19,1022,3,52,502,7807,203,317,1083,16038,193,4148,5,0,5,93,36,301
226,1389,118,77219,5554,14,12,58,9576,639,9323,18227,1494,148,9,26,79127,12,39104,34976,230,22,25,49,139,503,1379,473,24,1036,0,36,529,7708,196,365,1115,15892,203,4070,4,5,4,107,29,246
227,1482,124,76890,5173,17,13,45,9598,653,9131,17889,1427,118,13,24,79787,12,39283,35208,207,15,34,69,148,527,1290,508,16,1070,3,62,486,7740,197,317,985,16252,202,4248,2,0,4,95,34,247
228,1462,136,76312,5451,15,7,60,9875,622,8756,18495,1412,133,10,23,79784,13,39608,35144,201,13,18,61,155,526,1402,488,13,1011,2,41,506,7800,188,357,1024,16014,210,4121,2,3,3,134,26,257
229,1493,139,77570,5290,20,5,52,9776,664,8850,18383,1437,132,6,28,80140,8,39835,35298,232,20,25,57,134,582,1400,468,9,1037,3,31,503,7996,238,319,1006,15721,216,4090,3,4,0,96,40,290
230,1499,141,76255,5234,23,9,57,9786,640,9000,18308,1386,137,8,32,79540,11,39585,34930,205,13,35,56,163,542,1332,465,14,1040,2,46,483,7766,214,360,1030,16021,186,4125,2,1,1,106,23,277
231,1434,142,77178,5315,23,8,47,9701,647,9106,18196,1473,109,14,25,79900,19,39702,35081,206,18,38,58,148,586,1348,560,12,1036,3,43,507,7626,218,333,1103,15990,167,4116,5,0,7,109,25,299
232,1477,143,77472,5160,15,6,43,9831,643,9134,18391,1444,131,8,16,79732,4,39869,35371,249,10,36,69,157,565,1352,497,16,1014,2,57,518,7789,196,377,1064,15945,206,4234,4,3,7,110,33,280
233,1518,119,76780,5448,23,8,47,9636,626,9002,18260,1436,125,10,19,79783,9,39731,35317,216,22,24,48,165,591,1416,466,20,1001,0,45,500,7887,202,348,1096,16325,176,4122,4,1,6,105,25,287
234,1446,160,76511,5308,11,12,41,9598,594,9123,18343,1420,135,4,30,80217,13,39786,35571,216,17,44,71,144,558,1303,563,17,1016,2,52,507,7921,202,348,1137,16309,180,4266,9,0,6,98,40,280
235,1486,161,76746,5328,12,12,65,9643,669,8869,18650,1465,157,13,34,79675,12,39662,34877,197,27,24,49,165,570,1332,490,10,1091,1,59,517,7975,213,356,1127,15967,186,4148,6,0,2,102,23,293
236,1500,142,77227,5369,17,6,42,9865,670,8907,18648,1420,159,19,27,79940,22,39568,34458,230,11,28,62,191,613,1321,490,17,987,4,34,472,7787,190,378,1050,15999,194,4085,5,1,5,112,32,262
237,1556,140,76728,5329,28,5,63,9799,659,9009,18236,1512,152,6,25,79425,12,39732,34742,232,14,36,89,139,541,1354,578,14,1071,4,42,477,7810,177,316,1039,16007,182,4360,4,2,0,137,34,275
238,1452,152,76620,5408,19,10,61,9637,701,8809,18323,1433,149,6,29,80327,11,39925,34547,250,14,31,50,174,613,1326,493,17,1005,2,48,469,7820,185,345,1049,16125,195,4175,2,0,0,106,29,280
239,1482,151,77161,5204,28,9,40,9634,651,9058,18297,1347,133,9,29,79147,11,39526,35254,221,20,30,75,150,542,1308,458,17,1060,0,29,500,7943,207,359,1087,16043,274,4150,4,0,3,106,29,274
240,1444,135,77001,5231,13,4,48,9736,711,8884,18570,1457,121,11,26,79362,14,39818,35121,229,24,25,62,149,545,1331,472,10,1000,1,39,496,7950,196,387,1088,16101,208,4156,7,5,3,112,36,268
241,1505,155,77100,5378,18,8,66,9586,696,8928,18600,1461,115,10,20,79588,14,39596,34983,175,15,20,55,153,527,1366,472,13,1112,4,29,546,7886,212,324,1155,16355,182,4034,4,1,2,111,25,250
242,1487,127,76732,5234,16,5,48,9958,576,8916,18314,1456,140,13,38,78877,10,40226,35138,263,17,23,57,149,535,1310,531,10,1078,3,33,498,7949,211,334,1135,16028,201,4157,8,3,3,89,42,247
243,1540,147,76478,5391,14,11,47,9588,672,9155,18144,1390,110,15,26,79479,2,39847,35038,218,21,20,60,135,565,1347,566,16,1068,5,42,497,7982,176,319,1050,16055,201,4162,3,0,1,113,43,284
244,1523,114,76423,5453,17,10,65,9854,670,8970,18455,1515,120,7,31,80082,6,40435,35214,218,7,18,58,144,545,1380,479,23,977,2,42,522,7908,205,330,998,15917,223,4115,3,2,3,95,33,265
245,1533,159,76693,5355,20,13,52,9639,619,9049,18131,1310,151,13,27,79345,12,39762,34832,200,14,24,75,138,576,1295,529,13,1072,1,48,457,7909,224,355,1143,16245,216,4169,5,2,3,92,25,269
246,1439,155,76355,5451,23,14,75,9716,672,8999,18123,1539,111,10,31,80291,14,39660,35074,193,26,17,63,158,539,1327,506,11,1008,2,38,449,7835,224,324,1068,16267,189,4240,0,0,2,93,27,242
247,1442,162,77242,5529,18,2,58,9773,686,8904,18235,1442,137,12,32,79597,15,39625,35113,212,15,31,50,139,568,1283,510,15,1015,3,42,504,7882,208,373,1134,15955,180,4106,2,2,5,99,34,274
248,1537,116,77185,5581,24,8,44,9527,640,9085,18337,1415,110,10,39,79811,6,39336,35376,219,16,25,65,132,567,1318,502,15,1043,0,45,466,8018,197,319,1102,15789,208,4226,3,1,3,100,32,287
249,1465,119,76937,5433,21,6,70,9771,703,8974,18404,1475,147,8,22,79804,8,39635,35028,228,14,43,53,158,511,1333,483,26,1038,1,38,458,7837,215,375,1034,16088,172,4062,3,1,7,119,39,250
250,1510,128,76796,5221,21,4,39,9939,691,8935,18280,1430,141,6,25,79609,9,39728,34610,241,10,28,41,153,540,1403,525,15,987,1,57,512,7823,221,368,1043,16306,189,4127,3,1,5,115,24,275
251,1467,140,77233,5309,9,11,50,9790,646,9191,18066,1463,133,6,35,79747,13,39856,34784,228,14,36,61,144,530,1309,517,6,1029,8,41,456,8007,219,329,1012,15772,220,4207,5,0,1,80,39,311
252,1489,158,77615,5421,14,16,55,9508,635,8968,18314,1513,133,3,19,79583,13,39983,34946,216,20,25,65,155,531,1340,478,19,1052,3,54,476,7631,223,346,1076,16136,181,4047,3,0,2,131,28,259
253,1471,145,75907,5395,24,9,48,9898,640,9164,18296,1411,134,8,32,79350,20,39930,35093,174,13,31,57,150,625,1387,517,11,1100,9,51,484,7846,181,391,1130,16089,199,4160,5,2,1,105,45,268
254,1519,151,77171,5465,18,7,56,9927,655,9005,18556,1460,128,11,25,80111,13,39407,35107,193,21,37,76,146,575,1333,536,14,1079,1,53,499,7745,205,363,1139,16239,204,4209,4,0,7,105,39,274
255,1417,140,76799,5329,19,6,59,9535,669,9105,18394,1433,144,13,35,80705,16,39736,35106,233,27,34,49,153,573,1250,484,17,1027,5,40,517,7819,191,383,1013,15977,185,4115,10,0,1,125,20,273
256,1473,107,76791,5310,25,12,51,9755,644,9036,18342,1375,128,4,22,79559,12,40136,35302,199,12,35,51,146,522,1305,540,11,1059,1,43,442,7637,187,372,1071,15851,204,4163,1,8,3,87,28,268
257,1463,159,77066,5382,29,4,50,9665,682,9063,18409,1487,117,8,33,79692,6,39682,34791,213,8,25,65,158,479,1361,498,17,1011,3,58,463,7849,215,323,1106,15864,191,4122,6,1,5,125,47,283
258,1489,153,77089,5528,21,9,73,9798,689,9064,18658,1429,116,3,23,79037,6,39714,35234,225,12,28,43,152,567,1273,523,13,1018,2,38,474,7725,191,369,1136,15885,192,4127,5,0,4,107,25,272
259,1505,155,76962,5496,33,8,52,9778,632,8886,18605,1535,126,13,29,79524,8,39203,34936,211,16,22,61,174,558,1340,518,25,1100,4,48,511,7843,228,367,1118,16407,200,4252,3,0,5,110,39,288
260,1482,145,76955,5283,17,9,52,9811,646,8996,18623,1406,131,10,31,79736,11,39453,34934,203,13,32,65,146,506,1384,526,22,941,0,51,520,7841,226,371,1110,16112,208,4126,5,0,2,121,33,270
261,1538,130,76612,5271,25,9,43,10129,632,8958,17979,1363,146,15,24,79891,17,39719,35220,221,19,46,65,147,499,1370,521,13,1062,2,48,487,7918,224,354,1054,15781,167,4175,6,0,0,102,55,298
262,1437,127,77133,5617,25,10,46,9629,644,8945,18063,1474,125,17,32,79567,6,39800,34961,256,25,40,61,156,519,1345,528,11,1100,0,31,477,7736,206,347,1113,16025,182,4144,8,2,3,100,26,264
263,1431,123,76491,5311,22,8,52,9566,704,9191,18413,1439,145,11,19,79872,14,39810,34717,176,13,21,55,168,565,1361,503,14,1027,3,47,512,7831,201,384,1092,16473,176,4083,5,2,4,126,34,301
264,1551,141,76577,5200,22,7,45,9687,680,9171,18180,1354,119,6,35,80095,11,40056,35300,220,10,21,48,168,563,1372,469,30,1083,3,49,479,7746,212,371,1124,15934,224,4270,13,2,1,100,24,301
265,1398,143,77101,5255,18,9,73,9745,633,9243,18316,1381,137,7,36,80031,13,40323,35148,186,17,25,59,124,530,1249,469,22,1082,3,49,479,7816,186,340,1051,16211,187,4106,7,0,1,104,28,274
266,1468,128,76971,5126,23,5,52,9588,726,8684,18169,1417,156,4,20,79627,20,40294,35174,231,23,29,65,174,581,1333,494,11,1053,4,45,485,7667,192,362,1094,16144,196,4014,13,0,8,119,25,293
267,1494,144,76390,5376,23,9,54,9786,707,9100,18244,1376,128,8,19,79345,15,39536,34853,216,21,36,65,147,503,1403,488,14,1071,2,50,450,8148,219,364,1059,16442,207,4360,10,2,2,100,29,241
268,1411,114,76735,5472,26,20,41,9928,685,9137,18246,1475,147,10,27,79931,12,40023,35001,203,8,34,68,125,567,1312,536,13,1113,1,40,505,7927,207,329,1050,16045,180,4156,8,1,3,92,27,267
269,1524,132,77375,5176,21,6,59,9413,648,9191,18424,1490,148,6,40,79863,5,39815,35035,240,18,29,49,164,599,1321,479,11,1045,0,53,483,7839,184,376,1120,15975,220,4058,9,0,3,121,34,274
270,1453,148,76494,5325,18,18,63,9686,686,9105,18269,1441,119,3,27,79515,4,39882,34922,200,13,21,46,135,534,1322,470,15,1069,1,45,543,7820,221,354,1055,16293,198,4195,5,7,4,120,25,294
271,1491,160,76587,5278,20,9,44,9860,629,9030,18503,1470,127,13,23,79959,14,39688,35253,194,15,35,52,157,576,1311,567,16,1058,6,47,495,7916,230,370,1038,16114,243,4143,7,4,5,116,33,263
272,1499,132,76452,5343,23,5,72,9898,622,9113,18112,1437,145,15,14,80062,15,39402,35275,217,10,35,59,129,541,1361,523,13,1028,1,42,488,8002,220,368,1148,15941,194,4200,3,0,4,93,23,251
273,1443,136,76602,5461,18,15,66,9792,673,9061,18301,1454,139,6,26,79332,14,39403,34949,230,11,28,72,141,554,1364,528,21,1112,2,45,535,7894,201,323,1078,16100,196,4113,10,0,4,123,47,277
274,1440,151,76606,5364,11,13,54,9936,703,9141,18357,1402,139,7,9,80035,12,40161,35681,252,18,32,78,171,539,1289,478,15,1036,4,34,468,7991,216,348,1056,15987,188,4082,4,3,3,94,27,292
275,1561,131,77259,5482,28,10,57,9577,670,9223,18374,1582,151,10,26,79666,12,39506,35021,231,21,24,53,111,544,1310,514,21,1110,4,44,521,7823,192,352,1158,16135,181,4070,6,0,1,115,41,261
276,1422,168,76786,5371,18,12,38,9895,607,9000,18168,1488,154,7,33,79495,14,39768,35222,202,11,21,54,192,545,1297,518,14,1029,1,52,471,7798,222,375,1134,15862,190,4144,7,0,0,126,41,282
277,1432,164,76976,5372,13,13,60,9367,622,8889,18480,1504,120,10,30,79878,21,39865,35262,196,9,25,49,151,542,1320,553,19,1090,3,56,465,7850,197,371,1124,15778,197,4029,4,2,3,112,37,306
278,1543,150,76485,5369,19,9,60,9590,705,8892,18549,1424,149,13,29,79500,6,39392,35337,195,12,35,44,149,601,1342,513,21,995,3,40,546,8113,197,375,1140,16219,176,4163,3,0,5,117,30,245
279,1370,124,77812,5493,20,12,59,9672,687,9059,18380,1405,133,11,32,80171,10,39648,35116,219,12,28,51,133,545,1362,485,24,1067,5,43,463,7656,186,336,1087,15920,184,4057,7,0,1,120,24,278
280,1426,169,77189,5330,17,6,37,9810,663,9105,18738,1392,130,12,31,79885,10,39896,34971,244,7,21,42,145,564,1412,496,18,1076,9,41,466,7802,227,353,1042,16158,192,4194,9,1,4,103,22,279
281,1557,129,76986,5350,21,14,45,9670,666,9184,18404,1529,134,12,21,80142,14,39862,35159,190,14,19,46,142,532,1324,552,12,1152,4,53,515,7881,220,313,1090,16158,185,4252,1,0,7,106,35,267
282,1451,145,76314,5432,28,9,61,9772,657,9023,18224,1450,122,2,41,79477,12,39726,35424,198,10,29,69,159,574,1326,543,31,1049,1,43,443,7762,200,354,1082,16169,183,4369,0,1,3,116,28,276
283,1350,144,76757,5274,25,23,59,9743,610,9090,18394,1426,141,12,30,80055,11,39700,34546,210,13,37,55,140,535,1325,532,13,1055,2,39,478,7762,178,321,1079,16298,230,4163,8,3,4,107,15,269
284,1460,141,76706,5240,20,10,62,9834,639,8999,18682,1419,122,3,22,79747,23,40179,34912,201,19,23,63,161,558,1349,535,13,990,1,53,477,7731,199,356,1069,16387,205,4146,8,5,1,102,25,301
285,1446,139,76851,5419,28,17,74,9842,596,9105,18267,1378,114,22,34,79319,13,39866,35210,246,21,19,55,152,568,1298,476,23,1052,1,36,506,7989,192,439,1115,16128,199,4137,6,0,3,91,23,254
286,1460,135,76364,5321,22,9,68,9801,691,8957,18479,1355,111,5,26,80278,6,39615,34966,208,10,48,82,139,603,1359,441,11,1031,2,40,501,7656,208,342,1066,16195,216,4281,5,0,3,104,30,277
287,1371,146,77055,5401,19,14,71,9662,683,8922,18375,1385,144,4,27,80077,7,39941,35262,235,18,36,57,126,599,1313,520,11,1036,1,43,469,7894,203,367,1086,16138,189,4222,1,1,5,95,33,266
288,1425,158,76267,5331,10,17,68,9742,650,9143,18325,1404,117,8,27,79842,9,39435,35032,223,11,35,51,135,456,1387,514,16,937,4,54,547,7692,228,351,1136,15964,196,3980,8,3,0,108,22,333
289,1453,162,76617,5475,13,7,62,9766,674,8998,18231,1438,123,3,17,79927,11,39869,35083,221,8,19,49,168,524,1322,514,16,1040,5,44,560,7686,178,353,1063,15719,176,4034,4,1,4,100,23,284
290,1436,127,77466,5390,17,4,67,9660,658,8958,18023,1463,138,13,30,79585,6,39952,34809,218,13,32,57,154,578,1284,498,9,1044,7,31,480,7785,231,348,1097,16266,172,4160,11,0,1,115,31,261
291,1523,121,76636,5555,12,6,34,9764,658,9079,18400,1398,137,7,25,79675,11,39748,35317,232,9,39,67,161,562,1328,502,23,1027,3,33,457,7856,195,355,1083,16286,199,4168,11,1,2,103,20,278
292,1474,126,76900,5273,23,10,54,9790,668,9138,17911,1417,158,8,24,79746,11,40117,35616,268,12,33,73,124,543,1368,504,15,1059,1,69,465,7996,214,333,1063,15917,229,4171,4,0,2,95,21,274
293,1518,131,76842,5214,21,21,46,9818,666,8918,18200,1528,127,13,21,79865,16,39634,34776,192,14,28,56,164,555,1363,553,15,1033,1,47,490,7761,199,338,1099,15889,207,4188,4,0,3,95,32,259
294,1499,162,76325,5368,31,16,61,9487,664,8993,18570,1439,122,14,29,79592,12,39757,35151,214,15,35,48,147,550,1352,511,16,991,5,50,509,7633,182,349,1139,15916,224,4253,6,0,0,86,32,262
295,1512,130,76460,5239,14,7,72,9563,632,8780,18287,1353,124,7,31,79568,17,39852,35021,245,21,32,57,167,539,1415,452,11,1122,4,35,459,7781,198,327,1023,15938,179,4256,3,0,1,124,22,305
296,1508,155,76567,5317,19,5,64,9812,669,8992,18188,1455,150,8,20,80363,17,39607,34984,175,15,17,63,130,550,1346,533,14,1024,2,47,487,8072,207,359,1098,16339,189,4028,3,2,3,165,36,288
297,1462,138,77332,5302,28,6,35,9541,635,8654,18058,1340,115,8,42,79812,13,39540,35027,235,18,32,63,124,569,1357,528,14,1058,4,43,483,7713,216,376,1131,16104,212,4181,4,0,2,121,26,256
298,1519,121,77266,5435,24,8,51,9626,619,8823,18229,1490,145,9,36,79916,21,39491,35192,236,20,31,47,183,583,1338,499,17,1031,1,35,529,7813,214,396,1100,16025,189,4196,9,0,2,116,37,272
299,1477,139,76841,5479,16,4,68,9779,617,9116,18326,1404,160,8,24,79061,5,39744,35116,230,19,29,73,157,547,1256,538,19,1067,0,35,446,7811,198,334,1103,16106,217,4132,2,0,4,133,34,338
300,1445,133,76596,5347,14,2,43,9684,635,8873,18239,1398,140,9,43,79938,13,39823,34975,236,7,32,59,174,585,1369,492,16,952,1,36,513,7881,176,392,1114,15922,227,4184,8,0,2,109,23,279
301,1401,124,77027,5421,13,16,78,9572,656,9058,18584,1481,132,15,21,80096,11,39709,34809,234,18,39,43,145,528,1366,516,13,1011,2,46,515,7910,176,346,1081,15853,199,4026,11,0,2,115,18,271
302,1483,160,76750,5124,18,4,62,9656,641,9059,18126,1417,129,7,14,79508,10,39734,34744,205,12,33,62,190,586,1382,469,17,1053,2,36,506,7864,189,370,1156,15936,218,4132,2,0,1,115,31,270
303,1474,149,76955,5329,24,13,78,9798,683,8833,18028,1443,123,6,27,80205,14,39904,34746,216,13,33,59,152,569,1336,489,15,1097,4,52,466,7629,198,355,1092,16319,163,4158,6,0,2,113,25,280
304,1510,148,77409,5485,21,14,59,9813,712,8881,18398,1453,130,11,25,79397,16,39633,35048,197,14,24,62,140,516,1349,513,21,1051,3,32,502,8019,223,364,1070,15926,232,4210,1,1,1,103,42,331
305,1510,120,76475,5391,24,13,41,9677,632,8840,18496,1379,157,6,26,79814,9,39914,35155,240,10,33,78,183,545,1274,544,15,1077,4,46,488,8033,179,335,1077,16221,181,4149,1,1,0,101,24,280
306,1480,137,76471,5270,24,6,45,9718,712,9108,18556,1494,116,6,34,79432,10,39261,35177,204,12,41,76,135,588,1347,460,14,1103,6,52,554,7739,197,384,1051,16015,199,4110,3,1,2,121,32,267
307,1432,132,76668,5360,16,11,64,9755,623,8930,18325,1432,175,5,21,80194,6,39837,35260,203,14,36,51,118,519,1268,459,14,998,4,48,511,7757,186,352,1131,16146,174,4260,2,0,5,111,29,251
308,1516,161,76013,5276,12,8,72,9600,620,9105,18357,1450,145,13,19,80177,14,39519,34911,201,13,19,52,145,522,1357,514,13,1071,1,42,541,7734,203,355,1069,15982,185,4148,2,0,7,157,25,254
309,1417,151,76862,5329,29,6,66,9862,630,9072,18325,1530,139,8,33,79840,14,39712,35013,220,6,32,56,154,522,1386,548,22,1053,2,36,526,7559,222,313,1058,15926,184,4137,6,2,6,139,42,255
310,1524,144,76315,5286,17,15,58,9776,661,9187,18335,1424,116,6,27,79373,17,40030,34945,199,12,27,50,150,589,1314,547,11,1024,4,51,490,7889,211,347,1084,16290,194,4191,3,2,3,123,28,289
311,1491,155,76927,5360,15,4,52,9896,681,8918,18506,1402,146,13,23,80428,10,40072,35219,233,16,39,59,174,564,1381,530,18,986,0,37,482,7833,203,365,1074,16320,206,3992,5,1,1,115,34,265
312,1543,138,76476,5548,23,12,46,9669,666,9084,18807,1422,146,9,41,79750,11,39584,35036,204,17,35,48,167,512,1382,540,8,998,0,59,501,7730,186,313,1085,16073,189,4095,3,0,2,122,26,268
313,1514,134,76508,5468,26,8,46,9792,632,9205,18558,1410,127,9,26,79865,10,39473,35159,208,13,18,70,158,554,1257,535,20,1053,5,33,483,7906,184,360,1066,16120,220,4209,5,4,4,120,30,254
314,1509,141,77143,5294,21,10,51,9641,654,9242,18475,1466,108,10,23,79724,13,39925,35146,230,18,30,65,185,567,1483,530,14,994,1,52,538,7984,215,331,1104,16196,184,4168,3,1,1,115,38,279
315,1416,151,77178,5345,18,7,46,9797,599,8933,18223,1428,157,8,25,79751,14,39820,35088,195,18,28,54,123,625,1336,502,20,1074,2,42,500,7890,229,372,1079,16057,196,4101,5,0,0,113,31,284
316,1573,131,77001,5526,20,16,55,9843,671,8898,18133,1463,99,14,25,80134,5,39500,35674,225,19,46,80,149,595,1343,555,18,1002,3,51,487,7890,190,356,1066,16000,231,4208,4,0,5,99,31,256
317,1536,129,77284,5393,22,10,56,9636,654,9068,18252,1469,142,13,19,79644,15,39411,35180,212,14,21,54,140,552,1359,488,8,1066,1,53,461,7936,210,334,1104,15943,190,4158,10,1,6,99,26,285
318,1430,153,77083,5452,18,9,44,9667,669,9043,18516,1566,141,12,21,79788,6,39486,34647,212,16,37,59,128,577,1367,531,28,1066,3,59,523,7912,207,357,1031,16051,194,4170,6,1,3,106,37,257
319,1529,149,76708,5435,24,17,60,9728,667,9249,18565,1492,158,10,26,80110,10,39631,35085,203,32,30,55,130,512,1358,517,12,1030,0,40,536,7981,208,392,1075,16014,197,4111,7,2,3,100,20,269
320,1477,133,77444,5397,16,10,72,9680,690,9047,18168,1432,139,17,24,79287,13,39780,35077,210,22,19,49,142,532,1392,515,14,1057,4,34,461,7880,218,381,1099,16146,167,4202,7,1,3,107,35,286
321,1401,143,76744,5315,11,5,58,9685,680,9157,18331,1348,108,4,22,79769,14,39714,35247,246,13,21,59,158,571,1335,533,15,1067,1,43,467,7605,185,343,1037,16300,215,4194,5,0,2,112,45,251
322,1474,118,76760,5435,9,12,52,9763,680,9218,18148,1441,149,5,31,79928,18,39770,35404,227,11,40,65,145,557,1310,487,13,1046,4,45,549,7994,223,348,1132,15848,220,4068,1,2,3,101,25,254
323,1417,173,76860,5381,18,6,49,9705,658,8764,18398,1412,148,7,29,80054,8,39797,34586,200,17,30,66,154,531,1325,474,18,1060,6,73,480,7821,227,339,1082,16095,184,4187,4,0,5,86,39,279
324,1460,153,76571,5253,23,13,58,9815,611,9261,17865,1479,154,5,23,79585,16,39579,35108,211,26,37,48,139,506,1425,512,17,1042,0,60,480,7867,181,351,1147,15812,188,4162,11,2,3,87,30,256
325,1480,132,76772,5555,18,14,52,9641,581,9096,18535,1482,141,4,29,79477,15,39709,34956,219,14,34,65,135,593,1338,456,7,1017,0,45,476,7669,186,338,1117,16184,219,4126,4,1,1,94,27,268
326,1564,133,76366,5338,16,8,57,9697,650,9103,18460,1384,110,5,23,80073,7,40011,35236,218,12,37,46,148,585,1350,503,13,1095,12,57,446,7888,183,389,1184,15828,208,4205,3,4,7,89,34,253
327,1399,133,76870,5325,24,8,62,9778,608,9044,18687,1448,130,6,30,79636,9,39325,35488,208,13,40,68,142,492,1340,494,12,1046,0,55,491,7884,224,333,1080,15833,199,4237,6,1,1,107,25,244
328,1543,128,76825,5241,19,16,40,9682,740,8821,18231,1464,116,10,19,79797,21,39556,35036,167,20,28,68,155,578,1378,509,12,977,2,62,507,8120,214,367,1108,16195,197,4289,3,0,5,104,40,266
329,1408,162,76663,5237,22,7,68,9866,670,9013,18414,1377,138,8,26,80023,6,40032,34891,211,16,34,45,160,555,1365,429,14,1046,3,66,539,7794,202,334,1140,16210,234,4158,5,0,5,91,32,271
330,1459,150,76654,5495,18,12,44,9833,665,8943,18012,1430,134,8,32,79562,7,39388,35394,221,23,25,58,137,535,1318,432,20,1060,3,59,448,7938,209,363,1089,16060,226,4011,4,0,0,99,28,265
331,1513,146,77034,5360,9,2,39,9777,639,8774,18691,1446,107,5,28,80175,17,40126,34671,232,27,46,51,158,512,1372,530,16,1041,3,54,489,7617,230,373,1094,16255,202,4013,4,1,2,112,38,257
332,1472,150,76984,5508,32,10,50,9703,672,9253,18252,1426,107,12,27,79500,2,39394,35184,199,15,47,47,140,542,1311,521,12,1007,3,53,491,7659,179,354,1150,16205,184,4152,0,4,1,105,24,296
333,1561,149,76798,5531,15,14,70,9870,691,9017,18579,1423,124,7,31,79547,14,39705,35370,211,13,32,74,154,517,1293,571,13,971,1,37,459,7924,190,352,1129,16132,218,4063,4,1,5,90,19,302
334,1529,125,76397,5321,20,12,48,9696,669,9013,18781,1436,123,6,33,79820,18,39589,34598,218,14,16,68,174,599,1247,566,22,1005,0,55,518,7915,221,385,1074,16071,215,4083,2,1,3,94,24,251
335,1532,139,76793,5407,14,10,51,9552,690,9133,18430,1426,133,4,35,80316,10,39627,35063,235,6,40,58,145,559,1309,492,11,986,1,40,442,7796,186,343,1060,16094,216,4303,15,0,7,125,16,250
336,1543,119,76841,5358,17,10,55,9698,637,8839,18333,1388,131,4,17,79956,4,39568,35377,235,13,32,54,140,532,1422,538,12,1028,1,59,498,7874,236,315,1180,16078,195,4205,2,1,5,117,34,258
337,1532,140,76501,5255,22,21,100,9612,625,9052,18176,1551,158,15,15,80428,7,39461,34823,234,12,32,67,133,652,1237,477,23,1086,7,61,491,7977,219,350,1099,15983,219,4167,7,2,2,94,17,282
338,1547,96,76735,5226,13,12,67,9570,631,8942,18353,1380,154,10,41,79672,16,39756,35504,237,8,30,53,182,543,1502,517,14,1001,0,49,447,7745,197,324,1095,16208,200,4047,4,1,3,156,28,267
339,1539,156,77125,5343,20,14,66,9545,649,8807,18421,1338,152,7,36,79964,13,39802,34890,189,15,37,67,131,557,1343,477,11,1071,4,70,484,7858,229,324,1106,16107,176,4005,2,0,2,103,30,301
340,1416,143,76013,5511,17,14,62,9625,619,9092,18571,1400,130,12,25,79255,7,39258,35365,231,17,31,67,161,575,1339,496,12,1044,2,42,568,7773,225,388,1075,15922,219,4193,6,0,3,89,26,226
341,1472,142,76126,5393,10,15,46,9579,669,9085,18338,1446,120,9,36,80104,13,39275,35202,227,18,28,66,135,480,1320,525,14,1047,3,62,549,7668,201,342,1164,15970,176,4189,7,0,0,109,26,265
342,1465,142,76941,5328,22,7,65,9564,710,9189,18258,1466,155,12,21,79591,16,39894,35112,225,16,27,53,160,556,1276,575,14,1027,1,59,467,7772,215,357,1060,16237,189,4112,8,0,6,109,23,266
343,1569,131,76954,5408,14,19,52,9688,639,8911,18248,1444,138,5,28,80067,7,39828,35307,227,12,29,65,161,600,1388,549,24,1045,3,61,511,7925,198,360,1047,16168,191,4164,4,0,2,85,34,270
344,1448,126,76525,5530,20,7,43,9947,693,9047,18327,1432,136,11,31,79886,13,39693,35483,244,15,38,52,153,540,1379,518,18,1083,6,53,517,8018,205,342,1089,16073,182,4196,6,0,2,109,29,279
345,1550,165,76950,5462,16,1,43,9635,707,8972,18076,1428,141,13,34,79849,8,39744,35516,232,17,46,60,155,541,1336,507,8,1039,3,43,529,7656,195,303,1047,15960,196,4259,3,1,0,124,43,276
346,1517,129,76671,5461,26,17,71,9673,681,8983,18689,1454,140,11,27,80120,9,39319,35344,235,15,22,54,136,522,1370,558,6,1052,2,58,499,7802,202,361,1132,16030,187,4144,7,2,1,91,31,263
347,1452,166,76491,5295,22,12,63,9623,699,8998,18198,1483,117,17,22,79281,10,39250,35031,187,18,21,75,154,573,1330,521,18,1080,6,51,474,7778,200,313,1107,16310,215,4062,7,1,1,112,33,246
348,1423,155,76852,5334,30,11,52,9470,723,9058,18370,1316,149,11,34,79908,15,39512,35247,203,19,33,50,146,498,1382,525,16,1027,2,43,537,7870,222,307,1046,16021,192,4137,1,0,2,109,42,270
349,1441,131,77169,5331,15,13,40,9755,675,9077,18445,1418,134,6,37,79284,9,39883,35262,229,15,36,36,155,621,1361,514,19,1058,1,66,488,7875,235,349,1219,16192,207,4094,7,3,0,146,27,266
350,1464,140,77133,5579,33,10,61,9542,656,9000,18384,1391,153,5,26,79998,25,39261,35225,212,16,47,73,152,579,1370,571,21,998,1,48,482,8001,190,338,1063,15912,197,4099,8,1,4,120,28,294
351,1484,138,76973,5489,21,4,62,9928,658,9275,18454,1395,129,6,39,80201,12,39512,34651,171,13,35,72,149,543,1300,517,17,1004,4,47,466,7820,230,353,1076,15907,176,3918,3,0,7,85,25,267
352,1446,137,76800,5379,24,13,55,10115,639,8878,18324,1372,125,12,28,79714,12,39313,35071,195,19,28,59,145,552,1398,469,9,1040,1,50,523,7767,208,349,1069,16326,214,4153,8,2,2,94,33,268
353,1493,116,76238,5389,22,10,43,9942,670,8927,18315,1404,159,7,23,79920,8,39440,35309,272,25,35,71,157,503,1268,551,14,1069,2,45,494,7789,206,359,1128,15884,191,4179,7,1,2,109,30,287
354,1440,142,76866,5194,20,18,54,9687,589,9136,18398,1411,160,8,22,79720,18,39392,35157,248,18,29,56,161,506,1349,572,3,1027,3,54,502,8005,212,354,1052,16098,232,4277,9,0,0,118,36,263
355,1474,108,76800,5265,27,5,59,9539,715,9042,18072,1391,168,10,17,79593,6,39972,35237,190,8,29,57,145,582,1369,512,12,1044,2,43,468,8025,202,343,1035,16083,225,3945,4,1,1,93,34,258
356,1537,119,77358,5386,20,13,50,9861,699,9225,18283,1367,137,8,27,78864,10,39930,34775,245,20,28,51,173,523,1332,480,20,1043,7,51,447,7644,208,345,1083,16007,185,4036,3,3,5,121,22,288
357,1451,138,76634,5264,19,17,52,9712,670,9044,18089,1403,123,16,41,80313,14,39937,35702,187,22,35,62,144,545,1373,519,13,1027,5,57,521,7846,203,354,1053,16264,200,4269,1,0,0,99,26,269
358,1476,139,76796,5381,24,15,71,9878,628,9075,18481,1525,159,7,23,79065,16,39706,34704,219,12,25,41,149,514,1405,522,8,1060,1,33,499,7857,234,360,1103,16141,159,4081,10,5,2,111,26,277
359,1531,128,77105,5426,18,5,66,9526,745,9177,18293,1424,136,8,28,79206,11,39366,35172,205,22,29,53,151,617,1475,517,8,1057,2,54,497,7910,206,320,1146,15900,182,4153,2,2,4,105,18,285
360,1469,152,76444,5299,18,2,61,9667,661,8981,18342,1417,135,6,15,79164,13,39518,35565,217,14,22,60,159,556,1352,510,14,1066,0,48,493,7775,198,338,1089,16032,185,4282,4,1,6,112,34,297
361,1459,146,76208,5625,30,2,60,9538,700,8869,18308,1494,151,14,35,79796,13,39743,34780,173,12,34,87,143,603,1371,506,6,1016,9,43,491,7926,206,339,999,16011,212,4178,6,3,1,102,22,288
362,1431,145,76732,5350,11,7,42,9792,646,9082,18386,1443,124,6,27,79433,14,39370,34773,218,13,22,40,149,511,1209,505,9,1118,2,44,515,7675,220,355,1084,16153,174,4127,3,0,1,118,34,256
363,1501,128,77170,5405,12,8,61,9649,664,9326,18219,1451,121,13,33,79766,6,39590,35332,235,18,31,42,126,535,1394,505,14,987,3,31,431,7835,194,351,1050,16234,186,4090,4,0,2,116,18,302
364,1428,125,76193,5296,17,15,62,9534,614,9124,18877,1523,112,8,25,79620,14,39713,35038,212,14,35,64,161,574,1305,481,25,1018,5,27,478,7816,176,322,1128,15861,178,4072,2,1,3,111,21,273
365,1463,120,76841,5508,30,8,28,9814,635,8824,18342,1443,122,12,27,79683,7,39692,35157,213,20,28,69,137,549,1420,455,15,1039,8,41,519,7988,228,347,1170,15972,217,4174,8,0,2,114,29,291
366,1467,154,77070,5321,23,5,49,9793,717,9044,18627,1408,128,2,26,79271,12,39461,35549,196,13,31,74,119,544,1283,475,23,1086,0,52,532,7879,187,353,1045,16035,215,4207,8,0,4,84,30,276
367,1487,127,76854,5358,18,10,69,9506,589,8825,18238,1515,133,8,22,80302,4,39782,35398,224,12,20,58,163,534,1254,492,10,1029,0,54,487,7837,228,345,1043,16459,191,4206,5,5,8,107,24,285
368,1511,155,76243,5436,12,7,51,9808,696,8973,18217,1438,131,7,32,79734,9,39681,35279,219,12,31,52,124,561,1334,581,25,979,4,43,475,7783,196,375,1189,16030,175,4183,4,0,2,120,28,290
369,1420,135,76755,5410,15,6,79,9676,565,8886,18167,1461,149,10,23,79743,15,39624,35352,240,8,25,50,148,568,1341,521,10,989,1,61,467,7980,229,319,1095,16122,189,4140,4,1,0,98,10,245
370,1422,130,77030,5377,13,11,53,9651,696,9189,18716,1312,138,4,25,80017,14,39774,34905,223,12,38,60,154,540,1255,461,16,1043,3,40,511,8034,177,346,1096,16107,164,4262,6,2,1,106,21,262
371,1516,124,76935,5507,26,9,54,9838,704,9079,18258,1486,120,8,19,80689,13,39847,34483,218,22,32,54,153,564,1332,458,22,1026,3,51,483,7823,227,368,1185,16152,200,4038,7,2,5,116,27,297
372,1434,168,76051,5331,18,3,71,9986,683,8956,18596,1448,127,10,24,80152,12,39561,34929,249,13,22,67,119,556,1378,501,6,1056,2,36,538,7828,191,343,1112,16406,207,4046,8,0,3,95,28,314
373,1451,180,76715,5436,17,16,67,9847,716,8925,18292,1406,142,8,26,80129,11,39037,35389,247,19,32,49,145,495,1409,470,7,1078,0,41,534,7801,212,346,1104,16031,215,4086,6,0,2,126,27,304
374,1393,116,76751,5487,13,10,68,9752,656,8935,18440,1371,142,7,18,79794,11,39651,35405,209,13,24,46,147,538,1347,546,12,1029,4,52,506,7909,229,386,1055,16244,205,4278,6,1,4,128,19,303
375,1472,158,77350,5499,19,8,75,10023,649,8901,18114,1531,132,10,43,79714,8,39277,35125,214,9,54,54,140,624,1339,488,13,1072,0,49,455,7944,190,339,1086,15858,210,4007,9,0,4,98,23,263
376,1416,127,76602,5460,26,12,56,9519,646,8916,18071,1453,142,9,20,80167,18,39673,35279,219,23,35,54,133,570,1308,495,24,1054,2,35,470,7772,244,344,1089,16219,189,4233,7,0,2,96,30,310
377,1521,99,76196,5438,28,8,53,9720,601,9062,18253,1465,137,6,27,79735,16,39471,34945,199,17,26,54,146,539,1335,538,16,1054,0,56,464,7875,182,362,1119,15803,171,4105,11,1,3,127,32,263
378,1467,149,76401,5440,14,13,70,9549,602,9095,18434,1364,136,7,32,79721,18,39577,34859,191,21,42,56,147,540,1410,517,10,996,3,61,517,7811,201,337,1091,16075,184,4195,10,2,0,116,29,261
379,1435,124,76470,5386,20,17,59,9818,605,9101,18515,1458,117,14,28,79744,19,39640,34891,261,16,35,67,157,564,1415,483,13,1008,2,42,480,7813,193,409,1094,16023,196,4156,4,0,0,95,21,250
380,1538,139,76940,5271,15,6,80,9770,594,9081,17777,1456,111,19,36,79477,18,39850,35435,219,10,28,66,180,531,1291,472,9,1077,3,36,462,7708,195,321,1109,15920,170,4280,6,0,2,90,29,294
381,1397,107,76429,5440,16,6,57,9928,662,9180,18494,1392,104,9,19,80249,14,39833,35185,204,11,31,53,123,507,1356,488,16,1066,2,33,471,7857,215,311,1039,16039,192,4155,7,1,2,115,24,303
382,1516,130,76665,5441,23,10,38,9678,640,8892,18480,1499,141,7,29,78938,14,39839,34683,174,11,29,41,172,593,1323,492,18,987,4,55,524,7859,184,335,1068,16250,241,4103,7,0,4,107,36,265
383,1453,119,77174,5283,16,7,75,9542,637,8978,18349,1436,98,7,30,79870,18,39644,35023,214,18,30,52,132,546,1322,518,10,1066,2,37,494,7773,215,327,1057,15801,190,4187,5,1,4,113,31,289
384,1496,106,76774,5454,11,15,61,9702,646,8926,18285,1408,135,8,36,79716,10,39376,35228,202,13,28,62,138,564,1305,496,35,1012,2,37,494,7906,211,336,1116,16050,210,4115,3,3,2,140,34,263
385,1506,132,76744,5279,12,4,53,9578,686,9229,18220,1472,120,20,25,79994,19,39500,35053,185,13,36,62,149,580,1205,486,23,1064,3,36,531,7717,174,354,1037,16043,183,4152,3,2,1,93,22,301
386,1459,158,77406,5441,25,10,63,9747,657,8907,18030,1446,171,7,26,78722,5,39597,34840,234,15,42,53,126,542,1398,516,11,1057,1,45,461,7843,199,353,1071,15977,224,4221,4,2,2,102,34,263
387,1466,151,77287,5386,19,12,61,9633,705,9189,18481,1432,137,8,23,79341,17,39677,35021,191,10,29,68,128,531,1338,486,12,1086,2,35,468,7942,180,340,1144,15981,203,4192,5,1,5,135,21,277
388,1483,152,76738,5263,23,10,37,9820,674,9027,18390,1405,144,7,33,79575,7,39785,34916,235,15,40,60,155,534,1345,528,17,1061,5,42,500,7847,204,342,1083,16054,173,4067,10,1,2,114,33,239
389,1455,123,76828,5564,22,9,54,9688,682,8931,18544,1417,144,15,18,79673,10,39876,35105,212,12,40,41,145,561,1332,519,20,1062,5,51,516,7898,170,349,1087,16180,233,4185,9,0,7,141,33,269
390,1503,156,77145,5577,27,12,62,9802,719,9189,18284,1466,131,11,22,80271,14,39864,35023,266,13,21,55,165,576,1383,483,18,994,4,58,507,7730,213,325,1181,15911,177,4279,5,0,4,125,39,309
391,1419,145,76806,5399,19,10,60,9736,650,8883,18271,1442,150,17,21,79846,20,39913,35265,187,25,24,47,154,555,1321,501,18,1059,2,65,460,7668,231,344,1015,16157,218,4203,7,0,1,98,25,318
392,1440,159,76934,5547,13,8,39,9530,649,9145,18525,1540,134,11,21,79803,24,39280,35001,190,20,22,59,150,597,1381,480,15,1012,0,46,537,7762,195,335,1096,15922,203,4080,7,3,8,94,15,257
393,1473,137,76947,5464,17,11,54,9776,635,9057,18470,1464,165,14,32,80216,18,39444,34884,234,17,29,51,148,596,1334,538,18,1009,0,44,518,7722,211,311,1072,15886,193,4220,10,0,4,98,35,243
394,1345,134,77019,5220,18,12,56,9763,626,9239,18453,1398,127,4,16,80237,12,39584,35258,215,8,28,86,143,607,1293,519,13,1053,4,40,544,7877,210,356,1091,16113,179,4167,7,2,3,114,19,283
395,1513,157,77038,5342,13,13,57,9679,661,9085,18370,1466,127,13,20,80239,14,39959,35203,173,10,23,66,136,557,1406,549,7,1060,1,57,485,7913,203,330,1157,16046,218,4282,2,0,3,114,30,229
396,1478,139,76841,5318,27,15,65,9716,654,9003,18469,1432,134,12,32,80145,12,40299,34670,226,13,21,63,145,548,1347,471,15,1047,2,46,490,7972,180,345,1090,15926,173,4204,7,0,1,97,22,272
397,1469,133,76652,5305,28,8,52,9663,694,9096,18522,1375,125,11,23,79331,3,39821,34651,207,29,37,59,140,543,1361,493,15,995,2,58,497,7782,216,342,989,15847,160,4250,10,1,0,131,33,286
398,1518,126,78179,5365,12,10,58,9615,602,9054,18524,1466,128,13,38,79034,8,39561,34912,202,11,26,51,141,537,1384,564,8,1052,4,60,472,7609,186,367,1133,16125,227,4178,7,1,0,104,49,249
399,1499,125,76620,5298,13,7,51,9675,675,9126,18500,1412,129,10,28,79839,18,39407,35422,220,21,32,65,147,516,1302,478,31,1088,4,43,476,7892,220,352,1127,16094,198,4148,6,0,1,115,22,246
400,1459,144,76909,5414,25,7,64,9653,635,9020,18339,1385,128,8,20,80056,17,39400,35139,208,13,26,63,132,581,1298,484,17,1056,5,48,541,7801,207,335,1161,15934,227,4112,4,1,3,106,20,244
401,1452,143,77025,5388,18,6,43,9762,589,9069,18067,1454,136,16,38,79392,20,39531,35566,219,9,36,52,145,535,1325,489,15,1061,2,56,528,7859,226,351,1097,15977,212,4210,9,0,0,115,30,250
402,1517,118,77050,5305,21,6,48,9713,694,9271,18362,1377,120,6,27,79700,16,39564,34881,172,9,21,44,135,561,1312,519,23,1017,4,44,479,7751,196,328,1043,15970,198,4119,4,0,2,110,26,274
403,1379,146,77403,5403,18,8,56,9766,653,9153,18178,1414,155,8,33,79550,14,39450,35150,207,18,26,53,159,555,1273,516,13,992,2,46,527,7956,198,340,1078,16080,188,4086,9,1,2,120,32,277
404,1497,130,76941,5460,19,9,56,9684,631,9260,18185,1459,127,4,24,79645,18,39511,35265,221,13,27,42,175,606,1344,520,19,1073,1,52,526,7746,220,349,1143,16163,184,4128,3,1,4,97,37,277
405,1454,151,76930,5351,15,10,40,9654,670,8814,18388,1422,152,5,31,79491,6,39659,35212,227,27,36,67,144,517,1352,483,12,1004,5,41,449,7988,195,352,1063,16313,188,4074,3,0,2,96,19,285
406,1377,114,76782,5449,20,12,57,9769,679,9087,18606,1514,119,6,33,79094,10,39465,35355,225,15,33,64,167,501,1312,459,11,1073,0,47,534,7838,227,398,1079,16140,202,4200,7,0,1,111,45,302
407,1499,128,76890,5461,17,14,47,9694,698,9088,18402,1425,129,9,23,80166,15,39546,35113,210,14,21,42,144,527,1328,588,10,1017,3,36,444,7734,197,325,1137,15964,223,4069,7,1,7,97,31,240
408,1454,129,76822,5374,16,16,45,10009,642,9108,18137,1413,105,4,19,79566,17,39653,34593,230,24,19,61,139,576,1288,521,9,1138,2,47,504,7769,188,325,1103,16364,189,4218,5,0,9,106,32,270
409,1448,144,76685,5516,11,8,60,9672,716,9189,18473,1455,140,16,27,79034,12,39932,35159,247,13,15,46,150,555,1391,443,8,938,5,47,461,7791,200,348,1144,16006,192,4083,5,3,4,92,24,245
410,1476,133,77172,5381,30,14,47,9621,628,8807,18078,1433,143,16,24,80070,11,39598,35249,210,15,26,66,140,556,1293,538,20,1071,0,42,470,7547,188,344,1069,16214,219,4175,3,0,3,110,30,272
411,1502,166,76504,5396,18,9,54,9754,681,9117,18397,1468,137,5,28,80267,11,39892,35196,197,17,50,89,162,555,1406,448,14,1019,2,40,487,7567,245,341,1056,15894,184,4148,6,3,3,109,29,278
412,1490,130,76671,5483,20,8,50,9577,608,9110,18308,1444,115,6,30,79441,9,39542,35385,216,10,26,74,149,570,1322,548,16,1033,4,57,578,7956,206,335,1089,16087,211,4099,11,0,2,111,44,294
413,1431,151,76748,5441,19,7,39,10006,628,8927,18230,1475,119,12,35,78879,7,39610,35419,184,17,21,54,131,552,1411,524,13,1054,4,53,508,7707,199,359,1108,15989,183,4106,8,1,1,118,34,276
414,1566,159,76479,5319,13,11,67,9860,642,8907,18372,1482,129,4,27,79019,11,39660,34906,234,11,28,60,171,524,1276,478,13,1013,0,61,481,7894,216,359,1159,16135,163,4279,3,2,2,118,27,268
415,1463,158,77555,5312,10,14,46,9608,643,9129,18571,1387,123,6,28,79947,10,39382,34868,238,11,28,72,159,565,1329,507,20,1108,15,44,513,8021,219,379,1098,15968,200,4265,2,1,4,99,33,293
416,1447,114,76905,5454,11,13,43,9678,656,9116,18251,1359,103,12,13,79071,15,39621,35287,253,22,44,60,150,558,1352,468,8,1062,2,47,492,7889,215,389,1018,15944,216,4236,2,0,1,113,42,253
417,1511,123,77135,5249,16,8,55,9577,644,9071,18411,1426,136,17,42,79886,6,39487,35173,207,21,34,71,167,561,1325,543,7,1061,0,43,508,7850,208,331,1113,15995,218,4112,7,0,3,102,40,252
418,1434,175,76726,5379,27,17,47,9685,672,8979,18255,1381,143,5,23,79455,17,39681,35289,196,14,31,42,141,534,1395,506,9,1063,1,56,474,7886,219,368,1101,16285,195,4016,4,1,1,93,23,290
419,1433,129,77408,5410,27,12,60,9721,685,9016,18305,1460,130,13,26,79621,6,39716,35077,230,26,33,71,177,539,1251,490,11,1100,1,42,526,7800,213,347,1056,16147,162,4220,5,1,1,102,30,300
420,1440,154,76887,5413,30,10,63,9704,676,8995,18309,1420,125,9,32,80028,20,39402,34822,195,13,41,58,167,569,1356,551,14,1009,5,31,511,7798,224,370,1068,16156,191,4176,2,0,0,120,32,248
421,1419,158,77054,5349,18,10,50,9734,611,8871,18150,1449,145,4,34,79973,10,40223,35241,224,16,41,56,151,554,1308,483,15,1037,2,43,467,7676,225,353,1071,16119,177,4178,1,0,2,108,26,291
422,1478,142,76599,5380,18,10,33,9879,612,9014,18315,1518,105,12,27,79982,7,40028,35214,206,15,27,82,167,533,1394,490,11,1095,1,49,467,7901,191,356,1076,16461,191,3993,4,0,2,112,23,305
423,1476,142,77828,5390,25,13,65,9641,644,8913,18435,1440,138,10,29,79925,11,39764,34948,216,22,33,52,129,552,1376,534,14,1028,4,42,571,7668,216,343,1017,15920,192,4202,7,3,3,107,28,289
424,1417,151,76761,5440,24,12,68,9578,693,9090,18536,1458,127,3,22,79351,11,39389,34803,246,27,37,56,133,558,1425,521,13,1070,6,38,492,7760,182,391,1198,15913,171,4179,9,0,2,97,22,267
425,1475,127,76196,5204,27,11,58,9889,676,8762,18213,1484,143,11,19,80190,12,39627,34807,255,14,32,47,156,539,1375,575,13,1063,0,27,527,7880,214,350,1080,16061,181,4241,9,0,9,118,39,250
426,1457,142,76968,5549,19,11,63,9684,665,8830,18465,1448,128,7,44,80310,13,40199,35273,213,13,39,68,146,563,1343,516,11,1063,2,38,507,7883,159,314,1049,15736,161,4199,10,0,4,110,32,288
427,1393,140,77236,5608,20,10,66,9717,682,8859,18482,1448,146,3,22,79653,17,39350,34967,228,15,21,61,131,564,1279,534,14,1064,5,36,494,7732,211,307,1027,16092,178,4103,3,1,6,95,29,255
428,1512,149,76663,5427,16,13,66,9727,644,8945,18496,1450,120,10,35,80065,12,39659,35356,190,12,23,60,143,565,1413,541,10,1032,1,44,469,7918,209,359,1073,15877,182,4262,7,1,1,106,25,285
429,1459,143,77343,5417,24,6,71,9501,648,8878,18133,1331,130,17,31,79768,14,39758,35316,233,10,22,73,134,572,1383,488,15,1042,3,39,482,7846,203,343,1133,16161,211,4147,3,0,4,98,28,307
430,1472,153,76951,5373,16,9,49,9505,683,8985,18378,1484,130,9,33,79147,5,39792,35141,192,11,31,65,150,540,1369,493,15,975,8,55,498,7833,187,351,1162,15746,195,4163,5,0,4,105,29,277
431,1448,112,76955,5470,16,11,36,9676,666,9128,18275,1392,140,8,32,79538,17,39341,35330,221,16,24,77,153,502,1342,486,11,932,5,45,518,7803,171,339,1193,15814,187,4085,1,1,7,84,17,280
432,1502,135,77285,5329,19,10,63,9517,669,8926,18282,1440,135,8,26,79940,10,39669,35265,240,22,19,64,155,528,1319,520,15,1059,6,43,491,7870,175,356,1112,15931,188,4181,1,0,2,111,16,285
433,1474,159,76807,5451,14,7,68,9929,652,9058,18502,1454,144,3,25,79082,8,39419,35224,220,18,36,40,139,547,1380,521,11,1061,2,46,517,7849,163,344,1083,15852,196,4210,3,1,2,120,23,281
434,1539,144,76768,5352,13,8,50,9818,647,9022,18212,1487,125,8,24,79647,11,39701,34851,253,16,22,61,176,622,1345,523,11,979,2,52,500,7956,208,322,1127,15691,223,4196,6,0,3,102,34,225
435,1477,159,77099,5456,22,4,43,9927,651,9103,18508,1407,143,14,25,79527,6,39627,34892,203,15,23,75,145,589,1295,512,14,1053,0,46,560,7736,200,357,1060,16101,184,4220,8,1,1,90,26,273
436,1535,159,76426,5488,18,17,47,9722,673,8923,18264,1461,112,9,39,79605,12,39436,35217,216,12,31,69,129,536,1308,526,11,1052,4,36,459,7810,222,349,1085,16065,174,4089,6,3,4,111,18,297
437,1477,124,76321,5246,20,13,52,9612,731,9168,18174,1346,143,19,26,80304,11,39937,35160,203,18,26,52,132,546,1465,523,12,1072,0,58,520,7900,234,349,1072,16034,187,4121,3,0,8,117,28,278
438,1466,120,76685,5325,36,10,40,9666,604,9069,18035,1484,139,11,21,80010,13,39711,35262,242,10,21,68,138,539,1321,574,21,1091,0,57,503,7620,188,363,1129,16098,225,4215,5,0,2,100,32,258
439,1541,127,76955,5218,40,9,52,9842,669,8998,18577,1446,127,12,17,79756,8,39899,35496,202,15,36,83,136,579,1310,475,15,1093,2,44,483,7729,191,340,1111,15933,195,4122,4,1,3,107,28,285
440,1490,134,76615,5522,18,9,48,9867,638,9176,18590,1483,152,6,26,80338,11,39622,35349,194,19,22,68,151,568,1241,482,16,1043,1,56,440,7870,213,324,1089,15988,196,4066,5,1,4,109,44,234
441,1566,149,77535,5418,15,8,57,9849,677,9196,18558,1463,123,2,42,79690,16,39470,35543,205,30,39,58,162,572,1258,534,15,1056,3,45,467,7735,208,387,1088,15819,205,4240,6,5,3,97,23,221
442,1515,158,76624,5272,26,14,55,9652,704,9255,18159,1439,120,11,24,79678,12,39904,35251,217,8,34,57,167,545,1232,547,21,1054,4,36,448,7857,221,305,1061,16104,182,4236,4,2,4,132,28,253
443,1471,148,77261,5491,27,11,42,9726,709,9028,18366,1434,136,8,21,79931,21,40331,34923,209,16,35,71,138,575,1310,490,17,968,2,47,507,7729,219,333,961,16122,192,4319,4,2,8,89,21,284
444,1439,142,76571,5579,10,10,45,9652,647,9210,18597,1451,141,17,17,80159,10,39389,35047,222,13,30,66,150,536,1396,479,14,1035,4,40,496,7735,173,358,1079,16189,189,4256,6,1,7,81,27,279
445,1499,140,76624,5359,12,6,63,9737,655,8860,18416,1468,95,8,26,79439,14,39643,35158,211,20,28,54,165,554,1332,503,11,1054,0,43,471,7756,197,340,1075,16145,210,4170,3,0,2,120,36,290
446,1467,159,76922,5261,20,8,74,9867,742,9086,18525,1492,120,10,25,80756,9,39828,34727,239,7,25,68,155,549,1350,495,15,1005,0,34,453,7923,183,366,1072,15887,174,4003,6,0,2,107,29,300
447,1460,148,76643,5391,17,14,55,9725,688,9036,18714,1434,127,7,35,79319,9,39969,35415,201,28,20,53,125,535,1329,499,8,992,2,43,442,7937,220,299,1125,16066,158,4086,3,0,1,105,17,259
448,1482,141,77197,5358,16,12,59,9720,615,8802,18395,1458,140,9,22,79542,6,39837,35064,214,9,32,46,151,539,1376,565,10,1033,4,49,495,7898,200,332,1093,16054,209,4139,2,0,1,134,28,268
449,1438,136,77332,5422,28,7,53,9798,716,8980,18250,1426,129,13,24,79268,22,39680,35073,241,17,35,83,161,558,1370,521,28,1047,2,38,466,7696,237,379,1121,15843,181,4203,7,2,2,86,29,285
450,1479,132,76949,5409,16,13,57,9715,636,9073,18452,1372,106,11,39,80161,13,39343,35043,208,11,40,59,138,576,1293,533,10,1077,0,52,463,7782,201,345,1113,15979,170,4241,9,1,2,89,31,285
451,1525,151,76874,5216,12,8,50,9526,622,9127,18322,1432,131,8,27,79703,13,39250,35217,222,13,27,64,145,532,1260,472,18,1028,0,53,461,7991,204,365,1080,16200,168,4087,6,1,1,104,36,286
452,1458,126,77472,5326,29,14,47,9748,627,8964,18358,1375,145,7,29,79714,11,39637,35105,213,12,22,52,176,499,1342,514,13,988,0,46,522,7869,199,351,1024,16116,218,4155,4,3,1,99,34,282
453,1459,127,76761,5495,37,12,54,9546,653,9117,18294,1501,140,10,31,80294,11,39277,35296,213,20,23,54,154,588,1341,522,22,1006,1,45,474,7739,234,387,1110,15915,190,3988,4,0,1,128,19,284
454,1524,137,77386,5437,13,16,45,9713,655,9236,18375,1396,153,9,32,80257,11,39741,35373,225,10,30,82,142,611,1293,488,12,1090,0,35,512,7836,176,336,1115,16144,196,4262,6,2,4,129,17,281
455,1504,120,77103,5283,31,7,70,9923,656,9006,18408,1379,119,5,36,79329,18,39555,35421,182,15,27,50,141,565,1296,550,17,1072,3,37,493,7711,184,352,1136,15823,206,4321,6,0,1,102,33,257
456,1475,155,76572,5641,25,8,56,9854,653,9052,18570,1409,111,6,31,79631,19,40050,34952,180,18,23,64,138,498,1302,443,14,1035,4,44,487,8075,227,324,1176,15821,203,4055,3,0,2,115,34,260
457,1492,129,76659,5277,21,12,41,9554,658,9012,18281,1431,113,14,22,79443,15,39642,34946,183,13,38,67,136,540,1435,532,15,1122,5,40,445,7728,240,367,1106,16016,225,4201,4,2,0,99,31,276
458,1502,148,77380,5365,23,8,45,10009,679,9069,18529,1506,154,8,27,79594,9,39480,35072,178,13,39,50,154,558,1344,542,20,1095,3,34,503,7816,225,348,1076,15974,228,4212,14,1,4,100,32,273
459,1442,166,76271,5344,24,11,26,9761,686,8868,18568,1524,164,5,20,79577,16,39747,35233,200,19,35,67,139,534,1338,520,17,1026,1,46,518,7886,248,368,1097,15684,244,4122,4,5,1,118,28,261
460,1449,130,77126,5408,12,9,53,9757,604,9010,18715,1396,145,7,46,79639,13,39870,35058,247,12,26,49,125,525,1384,515,9,1034,0,53,522,7762,178,384,1071,15860,198,4057,6,0,5,130,31,270
461,1512,118,76787,5347,12,7,40,9759,635,9030,18186,1446,121,8,23,79063,9,39816,35013,218,23,33,68,122,545,1372,522,15,991,0,40,467,7822,218,335,1078,16051,222,4064,3,1,0,100,26,286
462,1456,126,76757,5410,20,11,56,9666,687,9084,18353,1502,112,11,19,79770,13,39338,35031,170,17,29,65,153,509,1309,490,18,1080,2,38,459,7850,192,340,1108,16401,196,4044,5,1,4,76,24,261
463,1478,124,76943,5529,29,12,45,9861,653,9154,18300,1459,145,3,33,78977,8,39434,35463,239,14,23,59,148,542,1367,545,15,1033,4,39,495,8101,169,308,1009,16040,186,4445,2,3,1,112,35,277
464,1402,129,77457,5341,17,9,53,9815,709,9023,18363,1458,133,7,32,80310,6,39504,35054,259,19,47,47,160,590,1338,526,25,965,0,49,494,8143,219,354,1127,15944,191,4132,9,3,3,123,23,271
465,1527,143,77144,5452,23,14,58,9825,738,9142,18369,1398,130,15,30,79820,20,39909,34608,229,29,17,63,151,517,1321,525,19,1015,3,36,495,7871,199,343,1087,16221,191,4106,2,0,2,105,27,250
466,1397,146,76527,5521,28,10,53,9579,636,9162,18193,1446,117,14,32,79330,6,39760,34456,223,8,28,68,119,589,1462,567,12,1060,4,46,527,7981,201,328,1054,16006,226,4174,2,1,0,95,34,256
467,1480,150,76842,5492,24,15,51,9777,668,9044,18313,1412,130,12,37,79817,9,39965,35307,215,17,37,62,179,526,1315,498,16,1004,0,52,455,8211,225,374,1042,16201,179,4272,3,2,5,109,32,267
468,1524,145,76814,5276,21,17,81,9696,649,9075,18522,1425,152,12,30,78958,11,39367,35104,266,16,33,57,153,530,1383,466,17,1076,2,52,488,7838,231,360,1092,16076,176,4092,3,2,5,131,21,262
469,1457,146,77312,5409,7,16,63,9586,705,9024,18254,1401,121,9,33,79753,10,39826,34944,236,12,39,63,175,541,1408,453,16,1088,5,41,455,7701,202,294,1074,16514,218,4211,13,3,3,108,17,276
470,1521,169,77246,5499,27,11,47,9560,697,9034,18397,1532,136,8,26,79833,14,39858,35426,197,14,27,68,138,532,1309,532,18,1026,0,40,521,7686,188,325,1184,16370,206,4141,3,1,3,113,31,296
471,1504,151,76614,5264,14,12,49,9747,676,9114,18128,1509,131,17,16,80103,12,39598,34926,237,10,24,60,107,529,1304,486,19,1091,1,39,467,7744,220,358,1184,16198,180,4091,1,0,3,97,36,285
472,1504,136,77151,5449,26,8,51,9759,668,8896,18255,1404,154,8,34,79734,17,39710,35014,240,16,28,46,154,562,1295,506,21,1099,5,43,518,7917,209,332,1099,16030,203,4159,8,0,3,118,33,261
473,1445,148,76856,5362,20,7,58,9589,675,9050,18147,1386,114,8,42,79347,3,39965,34922,213,18,20,64,148,540,1232,499,12,1023,0,37,494,7752,211,280,1145,16617,218,4102,5,0,1,123,32,249
474,1489,120,76549,5544,9,7,36,9701,650,9100,18357,1415,135,9,24,80044,7,39475,35225,202,25,38,73,143,520,1431,513,13,1106,5,45,510,7856,211,345,1010,16084,170,4102,5,0,0,115,27,231
475,1500,157,77318,5531,33,10,38,9734,654,9029,18489,1557,131,16,28,80008,12,39469,34549,199,22,28,71,161,527,1360,543,17,978,0,47,500,7702,224,352,1116,15840,180,4065,6,3,5,111,33,295
476,1461,130,77182,5246,24,10,56,9805,674,8995,18127,1478,144,12,38,80231,20,39194,34888,237,18,32,47,114,613,1424,509,15,1037,1,40,515,7885,187,374,1067,16091,185,4153,4,2,2,105,38,273
477,1465,109,76265,5387,12,10,42,9533,591,8975,18296,1392,104,4,26,79676,14,39481,35146,235,13,18,50,167,555,1332,516,23,942,0,49,500,7934,181,394,1056,16018,235,4026,2,0,2,144,34,301
478,1437,148,76845,5430,23,8,71,9727,577,9143,18485,1402,140,12,30,79430,9,39650,35805,233,22,30,61,160,555,1331,557,12,1027,1,51,523,7784,189,340,1066,16376,202,4262,9,1,3,110,30,270
479,1538,132,76885,5375,29,13,56,9652,657,9040,18274,1382,128,10,33,79645,21,39943,35252,238,11,41,67,156,560,1311,466,12,1128,4,45,487,7887,196,355,1044,16138,167,4117,2,0,2,109,28,318
480,1502,140,76611,5408,17,18,55,10015,652,9155,18347,1418,149,11,41,79280,13,39893,34751,218,14,24,80,141,535,1423,545,17,1075,3,50,511,8007,202,367,1081,16402,181,4082,9,4,7,122,31,272
481,1471,163,76821,5373,23,15,55,9886,618,8992,18311,1421,137,16,34,80198,13,39581,35038,208,15,36,69,133,548,1394,511,16,1031,7,45,490,7930,202,297,1058,16147,227,4039,5,0,4,113,21,263
482,1458,106,76527,5334,23,10,71,9499,672,9027,18359,1497,116,11,30,79147,12,39186,35257,218,12,32,56,148,616,1329,546,19,1038,1,57,508,7924,176,366,1058,15979,219,4201,6,1,3,86,24,254
483,1438,152,76843,5571,16,9,56,9773,702,9066,18466,1492,133,3,38,79874,19,39382,34897,198,21,29,61,187,508,1339,521,27,959,2,51,461,8018,173,348,1128,16094,173,4181,4,0,3,124,24,274
484,1470,112,77233,5433,17,8,50,9577,659,9195,18472,1410,120,6,23,79737,5,39466,34890,220,11,39,54,148,607,1281,524,11,1054,2,37,501,7791,240,329,1044,16170,200,4203,1,2,3,101,28,292
485,1482,128,76970,5462,11,11,59,9884,660,8977,18628,1448,158,5,24,79461,13,39507,34931,204,18,18,73,146,565,1229,504,11,1107,0,55,512,7934,170,349,1015,16280,181,4186,10,1,3,110,28,282
486,1506,129,76693,5229,21,11,53,9862,649,9133,18291,1397,139,15,23,80219,15,39420,34855,245,19,39,70,160,505,1375,510,12,1015,1,39,496,7724,223,365,1094,15944,200,4096,4,1,3,153,32,260
487,1452,132,76919,5515,19,7,46,9629,630,8913,18416,1360,131,7,23,80155,14,39608,35646,206,11,34,56,144,546,1388,485,17,1000,2,63,511,7788,164,361,1200,15933,168,4227,10,0,2,134,28,278
488,1479,152,77361,5484,24,4,59,9703,670,8848,18223,1468,100,9,34,79740,11,39471,34966,193,21,33,64,147,568,1298,511,15,955,4,50,486,7800,203,362,1050,16018,183,4218,5,2,1,123,37,278
489,1524,133,76337,5349,14,10,54,9782,678,9211,18554,1494,143,10,39,80573,3,39599,34989,224,21,37,52,156,529,1317,489,22,1083,2,46,536,7934,208,333,1112,16213,202,4092,9,3,3,130,37,284
490,1456,150,76580,5528,28,9,65,10040,644,9199,18222,1371,125,13,31,79694,18,39486,35287,237,12,22,63,154,570,1356,519,15,1083,3,50,522,7872,230,351,1082,16170,204,4195,5,0,6,108,41,253
491,1483,144,76946,5370,14,6,36,9478,633,8814,18248,1495,144,9,28,79560,14,39417,35326,204,10,33,66,165,560,1314,540,24,1057,3,65,481,7801,219,356,1064,16287,209,4054,6,2,4,110,39,313
492,1398,136,76892,5387,19,6,64,9813,605,8988,18580,1462,128,8,32,79437,9,39948,35773,197,12,27,69,140,534,1376,512,20,1035,1,51,501,7860,216,373,1167,16021,185,4172,4,3,2,116,33,306
493,1485,141,76628,5461,15,13,54,9968,626,9166,18260,1450,119,7,24,80061,12,39828,35255,210,14,35,57,164,551,1367,536,11,1035,3,62,489,7749,192,308,1051,16021,180,4176,3,1,1,117,28,298
494,1386,130,76879,5426,20,10,65,9615,700,9073,18374,1409,129,7,42,79620,5,39511,35124,233,18,31,57,152,564,1387,488,16,1085,5,40,474,7842,221,365,1073,16094,162,4195,2,1,0,113,27,255
495,1469,126,76611,5454,21,15,47,9659,660,8825,18204,1471,125,13,37,79513,14,39876,35328,168,18,29,68,154,553,1391,551,16,1039,1,47,492,8064,192,357,1075,15824,213,4212,5,2,4,98,13,287
496,1473,120,77507,5519,17,15,48,9742,689,9027,18286,1475,125,7,18,80172,10,39717,35189,207,5,33,64,168,565,1356,518,17,1047,2,53,505,7726,188,353,1142,15959,199,4091,6,0,3,81,29,248
497,1568,126,77042,5434,25,7,49,9622,685,8986,17882,1406,160,12,13,80002,8,39867,35149,222,20,32,48,162,579,1356,529,18,1092,2,49,510,7890,202,369,1160,16176,209,4207,3,0,3,112,27,295
498,1460,124,76374,5502,22,4,54,9659,655,9204,18576,1465,146,7,16,79627,8,39593,34879,209,10,21,47,122,560,1369,508,21,1045,1,30,463,7925,213,380,1018,16310,205,4040,1,2,4,88,30,271
499,1471,142,76133,5347,21,10,49,9807,589,9034,18408,1436,120,10,36,79085,17,39382,35324,275,15,14,48,133,582,1355,481,18,1029,3,61,539,7616,205,400,1122,16033,211,4200,4,1,4,133,42,278
500,1586,143,76761,5407,24,15,44,9833,629,9085,18050,1433,125,10,29,79290,11,39334,34998,200,21,42,53,143,513,1329,480,10,1077,4,38,455,7812,203,355,1059,16494,202,4090,10,2,6,117,40,315
