our_set,their_category,gene
LINE,L1-enriched genes,ARHGAP20
LINE,L1-enriched genes,CASP8
LINE,L1-enriched genes,CD86
LINE,L1-enriched genes,CEP112
LINE,L1-enriched genes,CLDN34
LINE,L1-enriched genes,CPS1
LINE,L1-enriched genes,CYP2J2
LINE,L1-enriched genes,DDX4
LINE,L1-enriched genes,DNAH9
LINE,L1-enriched genes,DYNAP
LINE,L1-enriched genes,FETUB
LINE,L1-enriched genes,GABRA3
LINE,L1-enriched genes,GBP6
LINE,L1-enriched genes,GPR34
LINE,L1-enriched genes,HTR7
LINE,L1-enriched genes,KBTBD3
LINE,L1-enriched genes,MCF2
LINE,L1-enriched genes,NLRP9
LINE,L1-enriched genes,NOX4
LINE,L1-enriched genes,OCRL
LINE,L1-enriched genes,OOSP1
LINE,L1-enriched genes,OXCT1
LINE,L1-enriched genes,PDCD6IP
LINE,L1-enriched genes,POLK
LINE,L1-enriched genes,PRLR
LINE,L1-enriched genes,SCAPER
LINE,L1-enriched genes,SCN7A
LINE,L1-enriched genes,SPIN4
LINE,L1-enriched genes,STK33
LINE,L1-enriched genes,SYCP3
LINE,L1-enriched genes,TAS2R10
LINE,L1-enriched genes,TEX28
LINE,L1-enriched genes,TMEM126A
LINE,L1-enriched genes,TMEM140
LINE,L1-enriched genes,WDR48
LINE,L1-enriched genes,ZC2HC1A
LINE,Low-complexity-repeat-enriched genes,ACTR5
LINE,Low-complexity-repeat-enriched genes,AHSA2P
LINE,Low-complexity-repeat-enriched genes,ANKS1B
LINE,Low-complexity-repeat-enriched genes,ARAP1
LINE,Low-complexity-repeat-enriched genes,C1orf198
LINE,Low-complexity-repeat-enriched genes,C2CD4B
LINE,Low-complexity-repeat-enriched genes,CACNB4
LINE,Low-complexity-repeat-enriched genes,CALR4P
LINE,Low-complexity-repeat-enriched genes,CAPN6
LINE,Low-complexity-repeat-enriched genes,CDYL
LINE,Low-complexity-repeat-enriched genes,CLCN3
LINE,Low-complexity-repeat-enriched genes,CLDN34
LINE,Low-complexity-repeat-enriched genes,CMAS
LINE,Low-complexity-repeat-enriched genes,CPLX2
LINE,Low-complexity-repeat-enriched genes,CSRNP1
LINE,Low-complexity-repeat-enriched genes,CUL4B
LINE,Low-complexity-repeat-enriched genes,DAB2IP
LINE,Low-complexity-repeat-enriched genes,DOCK11
LINE,Low-complexity-repeat-enriched genes,DRAP1
LINE,Low-complexity-repeat-enriched genes,DRP2
LINE,Low-complexity-repeat-enriched genes,DTNB
LINE,Low-complexity-repeat-enriched genes,ECM2
LINE,Low-complexity-repeat-enriched genes,FBL
LINE,Low-complexity-repeat-enriched genes,GABRE
LINE,Low-complexity-repeat-enriched genes,GARNL3
LINE,Low-complexity-repeat-enriched genes,GRM4
LINE,Low-complexity-repeat-enriched genes,HSD11B1
LINE,Low-complexity-repeat-enriched genes,IQSEC2
LINE,Low-complexity-repeat-enriched genes,LEMD3
LINE,Low-complexity-repeat-enriched genes,LMO2
LINE,Low-complexity-repeat-enriched genes,LRRC8D
LINE,Low-complexity-repeat-enriched genes,MAB21L3
LINE,Low-complexity-repeat-enriched genes,MAPK1
LINE,Low-complexity-repeat-enriched genes,MMP24
LINE,Low-complexity-repeat-enriched genes,MUSK
LINE,Low-complexity-repeat-enriched genes,NAA20
LINE,Low-complexity-repeat-enriched genes,NCOR1
LINE,Low-complexity-repeat-enriched genes,NPNT
LINE,Low-complexity-repeat-enriched genes,NPR2
LINE,Low-complexity-repeat-enriched genes,NT5C2
LINE,Low-complexity-repeat-enriched genes,POLR2M
LINE,Low-complexity-repeat-enriched genes,PPP1R12A
LINE,Low-complexity-repeat-enriched genes,PPP1R3F
LINE,Low-complexity-repeat-enriched genes,PRDM10
LINE,Low-complexity-repeat-enriched genes,PRDM11
LINE,Low-complexity-repeat-enriched genes,PRICKLE2
LINE,Low-complexity-repeat-enriched genes,PRKAA1
LINE,Low-complexity-repeat-enriched genes,PRKG2
LINE,Low-complexity-repeat-enriched genes,PTBP2
LINE,Low-complexity-repeat-enriched genes,PTBP3
LINE,Low-complexity-repeat-enriched genes,RALGPS2
LINE,Low-complexity-repeat-enriched genes,RASSF8
LINE,Low-complexity-repeat-enriched genes,RBM19
LINE,Low-complexity-repeat-enriched genes,RBM26
LINE,Low-complexity-repeat-enriched genes,RFX4
LINE,Low-complexity-repeat-enriched genes,RNF130
LINE,Low-complexity-repeat-enriched genes,SELL
LINE,Low-complexity-repeat-enriched genes,SEZ6L
LINE,Low-complexity-repeat-enriched genes,SH3GLB1
LINE,Low-complexity-repeat-enriched genes,SHROOM4
LINE,Low-complexity-repeat-enriched genes,SLC39A8
LINE,Low-complexity-repeat-enriched genes,SLC4A5
LINE,Low-complexity-repeat-enriched genes,SLC9B1
LINE,Low-complexity-repeat-enriched genes,SLK
LINE,Low-complexity-repeat-enriched genes,SPECC1
LINE,Low-complexity-repeat-enriched genes,SULF1
LINE,Low-complexity-repeat-enriched genes,SYCP3
LINE,Low-complexity-repeat-enriched genes,TBC1D2B
LINE,Low-complexity-repeat-enriched genes,TENM3
LINE,Low-complexity-repeat-enriched genes,TLK1
LINE,Low-complexity-repeat-enriched genes,TMEM132B
LINE,Low-complexity-repeat-enriched genes,TRIM26
LINE,Low-complexity-repeat-enriched genes,TSPAN33
LINE,Low-complexity-repeat-enriched genes,UBE2D3
LINE,Low-complexity-repeat-enriched genes,UBE2Q2
LINE,Low-complexity-repeat-enriched genes,UBE2U
LINE,Low-complexity-repeat-enriched genes,UGT8
LINE,Low-complexity-repeat-enriched genes,WIPF3
LINE,Low-complexity-repeat-enriched genes,XKR7
LINE,Low-complexity-repeat-enriched genes,XPC
LINE,Low-complexity-repeat-enriched genes,ZBTB7C
LINE,Low-complexity-repeat-enriched genes,ZNF579
LINE,SINE-enriched genes,ABHD6
LINE,SINE-enriched genes,ATG16L2
LINE,SINE-enriched genes,BECN1
LINE,SINE-enriched genes,C6orf89
LINE,SINE-enriched genes,CAPZB
LINE,SINE-enriched genes,CD274
LINE,SINE-enriched genes,CFAP70
LINE,SINE-enriched genes,CHCHD4
LINE,SINE-enriched genes,CINP
LINE,SINE-enriched genes,CLASRP
LINE,SINE-enriched genes,COA7
LINE,SINE-enriched genes,COX7B
LINE,SINE-enriched genes,CXCL17
LINE,SINE-enriched genes,DDX46
LINE,SINE-enriched genes,DLEC1
LINE,SINE-enriched genes,DTNB
LINE,SINE-enriched genes,EVI5
LINE,SINE-enriched genes,FLOT1
LINE,SINE-enriched genes,GARNL3
LINE,SINE-enriched genes,GJB3
LINE,SINE-enriched genes,GMNN
LINE,SINE-enriched genes,HILPDA
LINE,SINE-enriched genes,KLB
LINE,SINE-enriched genes,KSR1
LINE,SINE-enriched genes,MAS1
LINE,SINE-enriched genes,MED14
LINE,SINE-enriched genes,MRE11
LINE,SINE-enriched genes,MRPL30
LINE,SINE-enriched genes,PARP16
LINE,SINE-enriched genes,PDCD6IP
LINE,SINE-enriched genes,PDPR
LINE,SINE-enriched genes,PLEKHO2
LINE,SINE-enriched genes,PPFIA1
LINE,SINE-enriched genes,PPP2R5C
LINE,SINE-enriched genes,RUVBL1
LINE,SINE-enriched genes,RWDD3
LINE,SINE-enriched genes,SEC11A
LINE,SINE-enriched genes,SPINK4
LINE,SINE-enriched genes,SPINT2
LINE,SINE-enriched genes,STAT1
LINE,SINE-enriched genes,SYCP3
LINE,SINE-enriched genes,TBC1D25
LINE,SINE-enriched genes,TECPR2
LINE,SINE-enriched genes,TIPIN
LINE,SINE-enriched genes,TMEM170A
LINE,SINE-enriched genes,TNFRSF13B
LINE,SINE-enriched genes,TNPO3
LINE,SINE-enriched genes,TSACC
LINE,SINE-enriched genes,UNC13B
LINE,SINE-enriched genes,WDFY2
LINE,SINE-enriched genes,WIF1
LINE,SINE-enriched genes,YIPF1
LTR,L1-enriched genes,ADAM20
LTR,L1-enriched genes,ANTXR2
LTR,L1-enriched genes,CCDC7
LTR,L1-enriched genes,CEACAM21
LTR,L1-enriched genes,CGRRF1
LTR,L1-enriched genes,CHST7
LTR,L1-enriched genes,CLEC4A
LTR,L1-enriched genes,CLEC4C
LTR,L1-enriched genes,CLEC6A
LTR,L1-enriched genes,CMBL
LTR,L1-enriched genes,CYP2B6
LTR,L1-enriched genes,HSPB3
LTR,L1-enriched genes,NFU1
LTR,L1-enriched genes,PATE2
LTR,L1-enriched genes,PCCA
LTR,L1-enriched genes,PRR5L
LTR,L1-enriched genes,RDH12
LTR,L1-enriched genes,TAB3
LTR,L1-enriched genes,TEX30
LTR,L1-enriched genes,THEM4
LTR,L1-enriched genes,TMEM45A
LTR,L1-enriched genes,TRIM5
LTR,L1-enriched genes,UGT2A3
LTR,L1-enriched genes,WDR7
LTR,Low-complexity-repeat-enriched genes,AAMDC
LTR,Low-complexity-repeat-enriched genes,ARGLU1
LTR,Low-complexity-repeat-enriched genes,ARHGEF7
LTR,Low-complexity-repeat-enriched genes,ATMIN
LTR,Low-complexity-repeat-enriched genes,CATIP
LTR,Low-complexity-repeat-enriched genes,CCDC149
LTR,Low-complexity-repeat-enriched genes,CCDC158
LTR,Low-complexity-repeat-enriched genes,CHMP6
LTR,Low-complexity-repeat-enriched genes,CNOT6
LTR,Low-complexity-repeat-enriched genes,DEK
LTR,Low-complexity-repeat-enriched genes,DTWD1
LTR,Low-complexity-repeat-enriched genes,FBLL1
LTR,Low-complexity-repeat-enriched genes,FBXW11
LTR,Low-complexity-repeat-enriched genes,GGA2
LTR,Low-complexity-repeat-enriched genes,IFRD1
LTR,Low-complexity-repeat-enriched genes,ITGB5
LTR,Low-complexity-repeat-enriched genes,KCNIP4
LTR,Low-complexity-repeat-enriched genes,KLHL22
LTR,Low-complexity-repeat-enriched genes,MME
LTR,Low-complexity-repeat-enriched genes,PGK1
LTR,Low-complexity-repeat-enriched genes,PPP2R2C
LTR,Low-complexity-repeat-enriched genes,RBPJ
LTR,Low-complexity-repeat-enriched genes,RIMKLB
LTR,Low-complexity-repeat-enriched genes,RNF138
LTR,Low-complexity-repeat-enriched genes,RUSC2
LTR,Low-complexity-repeat-enriched genes,SLC17A1
LTR,Low-complexity-repeat-enriched genes,SLC39A8
LTR,Low-complexity-repeat-enriched genes,STK32C
LTR,Low-complexity-repeat-enriched genes,THBS4
LTR,Low-complexity-repeat-enriched genes,TLK1
LTR,Low-complexity-repeat-enriched genes,TMEM132B
LTR,Low-complexity-repeat-enriched genes,TMX3
LTR,Low-complexity-repeat-enriched genes,TRIM5
LTR,Low-complexity-repeat-enriched genes,TRIM59
LTR,Low-complexity-repeat-enriched genes,TRUB1
LTR,Low-complexity-repeat-enriched genes,ZBTB7C
LTR,Low-complexity-repeat-enriched genes,ZNF280D
LTR,SINE-enriched genes,ACOT13
LTR,SINE-enriched genes,ALDH3B2
LTR,SINE-enriched genes,ANKRD33
LTR,SINE-enriched genes,BLOC1S4
LTR,SINE-enriched genes,CDK10
LTR,SINE-enriched genes,COMMD5
LTR,SINE-enriched genes,COX8C
LTR,SINE-enriched genes,CPSF1
LTR,SINE-enriched genes,DNAH17
LTR,SINE-enriched genes,ENPP1
LTR,SINE-enriched genes,EPS15L1
LTR,SINE-enriched genes,F12
LTR,SINE-enriched genes,FOLR1
LTR,SINE-enriched genes,GLRX2
LTR,SINE-enriched genes,GSTP1
LTR,SINE-enriched genes,GUK1
LTR,SINE-enriched genes,IPP
LTR,SINE-enriched genes,MRPL55
LTR,SINE-enriched genes,MTRF1
LTR,SINE-enriched genes,PADI6
LTR,SINE-enriched genes,PDE6G
LTR,SINE-enriched genes,PIK3CD
LTR,SINE-enriched genes,PLA2G4E
LTR,SINE-enriched genes,RBM22
LTR,SINE-enriched genes,RIN3
LTR,SINE-enriched genes,SFT2D1
LTR,SINE-enriched genes,SLBP
LTR,SINE-enriched genes,SMYD3
LTR,SINE-enriched genes,SSB
LTR,SINE-enriched genes,TM4SF20
LTR,SINE-enriched genes,TMEM33
LTR,SINE-enriched genes,TMEM91
LTR,SINE-enriched genes,ZG16
LTR,SINE-enriched genes,ZNF226
LTR,SINE-enriched genes,ZNF8
SINE,L1-enriched genes,GP6
SINE,L1-enriched genes,MUC16
SINE,L1-enriched genes,NKAP
SINE,L1-enriched genes,TEX28
SINE,Low-complexity-repeat-enriched genes,ABCC4
SINE,Low-complexity-repeat-enriched genes,ARIH2
SINE,Low-complexity-repeat-enriched genes,ASCC2
SINE,Low-complexity-repeat-enriched genes,ASMT
SINE,Low-complexity-repeat-enriched genes,CALR4P
SINE,Low-complexity-repeat-enriched genes,CANX
SINE,Low-complexity-repeat-enriched genes,CARM1
SINE,Low-complexity-repeat-enriched genes,CCT4
SINE,Low-complexity-repeat-enriched genes,CD74
SINE,Low-complexity-repeat-enriched genes,CECR2
SINE,Low-complexity-repeat-enriched genes,CELF1
SINE,Low-complexity-repeat-enriched genes,CEP250
SINE,Low-complexity-repeat-enriched genes,CPPED1
SINE,Low-complexity-repeat-enriched genes,CRLF2
SINE,Low-complexity-repeat-enriched genes,CSDC2
SINE,Low-complexity-repeat-enriched genes,DOT1L
SINE,Low-complexity-repeat-enriched genes,ELAVL1
SINE,Low-complexity-repeat-enriched genes,ELL
SINE,Low-complexity-repeat-enriched genes,FAF2
SINE,Low-complexity-repeat-enriched genes,FAM168B
SINE,Low-complexity-repeat-enriched genes,FAM193A
SINE,Low-complexity-repeat-enriched genes,FAM76A
SINE,Low-complexity-repeat-enriched genes,GGA2
SINE,Low-complexity-repeat-enriched genes,GHRH
SINE,Low-complexity-repeat-enriched genes,GMEB1
SINE,Low-complexity-repeat-enriched genes,GSN
SINE,Low-complexity-repeat-enriched genes,HDAC1
SINE,Low-complexity-repeat-enriched genes,IL27
SINE,Low-complexity-repeat-enriched genes,ITGAL
SINE,Low-complexity-repeat-enriched genes,KCTD17
SINE,Low-complexity-repeat-enriched genes,MGRN1
SINE,Low-complexity-repeat-enriched genes,NMRK2
SINE,Low-complexity-repeat-enriched genes,NT5C2
SINE,Low-complexity-repeat-enriched genes,PACS2
SINE,Low-complexity-repeat-enriched genes,PCBD2
SINE,Low-complexity-repeat-enriched genes,PEX14
SINE,Low-complexity-repeat-enriched genes,PHF19
SINE,Low-complexity-repeat-enriched genes,PLEKHG5
SINE,Low-complexity-repeat-enriched genes,PPP6C
SINE,Low-complexity-repeat-enriched genes,PRRC2B
SINE,Low-complexity-repeat-enriched genes,RABGEF1
SINE,Low-complexity-repeat-enriched genes,RANGAP1
SINE,Low-complexity-repeat-enriched genes,RBM39
SINE,Low-complexity-repeat-enriched genes,RPA1
SINE,Low-complexity-repeat-enriched genes,RTF1
SINE,Low-complexity-repeat-enriched genes,SMIM22
SINE,Low-complexity-repeat-enriched genes,SOX30
SINE,Low-complexity-repeat-enriched genes,SPAST
SINE,Low-complexity-repeat-enriched genes,STARD10
SINE,Low-complexity-repeat-enriched genes,TPCN1
SINE,Low-complexity-repeat-enriched genes,USP34
SINE,Low-complexity-repeat-enriched genes,USP42
SINE,Low-complexity-repeat-enriched genes,VSIG10
SINE,Low-complexity-repeat-enriched genes,ZNF653
SINE,Low-complexity-repeat-enriched genes,ZNF771
SINE,SINE-enriched genes,ADSL
SINE,SINE-enriched genes,AKT2
SINE,SINE-enriched genes,AMBRA1
SINE,SINE-enriched genes,ANAPC11
SINE,SINE-enriched genes,ANAPC5
SINE,SINE-enriched genes,AP3D1
SINE,SINE-enriched genes,APOC2
SINE,SINE-enriched genes,APOC4
SINE,SINE-enriched genes,ARCN1
SINE,SINE-enriched genes,ASB16
SINE,SINE-enriched genes,ASCC2
SINE,SINE-enriched genes,ATP1B2
SINE,SINE-enriched genes,BLM
SINE,SINE-enriched genes,BLVRB
SINE,SINE-enriched genes,BPNT1
SINE,SINE-enriched genes,C17orf75
SINE,SINE-enriched genes,C19orf44
SINE,SINE-enriched genes,C19orf53
SINE,SINE-enriched genes,CALCOCO2
SINE,SINE-enriched genes,CALR3
SINE,SINE-enriched genes,CAMLG
SINE,SINE-enriched genes,CASP8AP2
SINE,SINE-enriched genes,CATSPERG
SINE,SINE-enriched genes,CBFA2T2
SINE,SINE-enriched genes,CBY3
SINE,SINE-enriched genes,CCAR1
SINE,SINE-enriched genes,CCL5
SINE,SINE-enriched genes,CD79A
SINE,SINE-enriched genes,CDK12
SINE,SINE-enriched genes,CELF1
SINE,SINE-enriched genes,CEP164
SINE,SINE-enriched genes,CFAP74
SINE,SINE-enriched genes,CLASRP
SINE,SINE-enriched genes,CLPSL2
SINE,SINE-enriched genes,CNKSR1
SINE,SINE-enriched genes,CNPY4
SINE,SINE-enriched genes,CNR2
SINE,SINE-enriched genes,COMMD7
SINE,SINE-enriched genes,COPS7A
SINE,SINE-enriched genes,COPZ1
SINE,SINE-enriched genes,COX5A
SINE,SINE-enriched genes,COX6A1
SINE,SINE-enriched genes,CRK
SINE,SINE-enriched genes,CSE1L
SINE,SINE-enriched genes,CTDSPL2
SINE,SINE-enriched genes,CWC25
SINE,SINE-enriched genes,DAG1
SINE,SINE-enriched genes,DAND5
SINE,SINE-enriched genes,DHX30
SINE,SINE-enriched genes,DNA2
SINE,SINE-enriched genes,DNAJA3
SINE,SINE-enriched genes,DNASE1L1
SINE,SINE-enriched genes,DNM2
SINE,SINE-enriched genes,DPF2
SINE,SINE-enriched genes,DPPA2
SINE,SINE-enriched genes,DPPA3
SINE,SINE-enriched genes,DPPA4
SINE,SINE-enriched genes,DPY30
SINE,SINE-enriched genes,DRG2
SINE,SINE-enriched genes,EIF3B
SINE,SINE-enriched genes,EIF3I
SINE,SINE-enriched genes,EIF4H
SINE,SINE-enriched genes,ELOF1
SINE,SINE-enriched genes,EMC3
SINE,SINE-enriched genes,ENDOG
SINE,SINE-enriched genes,EP400
SINE,SINE-enriched genes,EPOR
SINE,SINE-enriched genes,ERAL1
SINE,SINE-enriched genes,ERCC2
SINE,SINE-enriched genes,EXOC7
SINE,SINE-enriched genes,FAM222B
SINE,SINE-enriched genes,FAM76A
SINE,SINE-enriched genes,FBXO46
SINE,SINE-enriched genes,FCGRT
SINE,SINE-enriched genes,FLAD1
SINE,SINE-enriched genes,FLYWCH1
SINE,SINE-enriched genes,FNBP4
SINE,SINE-enriched genes,FOLR1
SINE,SINE-enriched genes,GANAB
SINE,SINE-enriched genes,GAPVD1
SINE,SINE-enriched genes,GEMIN5
SINE,SINE-enriched genes,GEMIN6
SINE,SINE-enriched genes,GJC1
SINE,SINE-enriched genes,GMEB1
SINE,SINE-enriched genes,GMFG
SINE,SINE-enriched genes,GPATCH3
SINE,SINE-enriched genes,GPR37L1
SINE,SINE-enriched genes,GTF2F1
SINE,SINE-enriched genes,HAPLN2
SINE,SINE-enriched genes,HIP1
SINE,SINE-enriched genes,HMGCL
SINE,SINE-enriched genes,HNRNPF
SINE,SINE-enriched genes,ICAM1
SINE,SINE-enriched genes,IFI35
SINE,SINE-enriched genes,IMP3
SINE,SINE-enriched genes,INSL3
SINE,SINE-enriched genes,INTS5
SINE,SINE-enriched genes,IPO7
SINE,SINE-enriched genes,KAT8
SINE,SINE-enriched genes,KEAP1
SINE,SINE-enriched genes,KIF1B
SINE,SINE-enriched genes,KIF2C
SINE,SINE-enriched genes,KPNA6
SINE,SINE-enriched genes,KXD1
SINE,SINE-enriched genes,LBHD1
SINE,SINE-enriched genes,LDLRAD2
SINE,SINE-enriched genes,LEO1
SINE,SINE-enriched genes,LIMK1
SINE,SINE-enriched genes,LMAN1L
SINE,SINE-enriched genes,LUC7L
SINE,SINE-enriched genes,LUZP1
SINE,SINE-enriched genes,MAD2L1BP
SINE,SINE-enriched genes,MCAT
SINE,SINE-enriched genes,MED1
SINE,SINE-enriched genes,MED18
SINE,SINE-enriched genes,MEIOB
SINE,SINE-enriched genes,METTL23
SINE,SINE-enriched genes,MGAT4EP
SINE,SINE-enriched genes,MORN3
SINE,SINE-enriched genes,MRPL4
SINE,SINE-enriched genes,MRPL51
SINE,SINE-enriched genes,MRPL52
SINE,SINE-enriched genes,MRPS21
SINE,SINE-enriched genes,MYADML2
SINE,SINE-enriched genes,MYDGF
SINE,SINE-enriched genes,NAA25
SINE,SINE-enriched genes,NANOS2
SINE,SINE-enriched genes,NASP
SINE,SINE-enriched genes,NDUFA13
SINE,SINE-enriched genes,NDUFA3
SINE,SINE-enriched genes,NDUFS5
SINE,SINE-enriched genes,NDUFV3
SINE,SINE-enriched genes,NICN1
SINE,SINE-enriched genes,NLRP12
SINE,SINE-enriched genes,NME1
SINE,SINE-enriched genes,NOB1
SINE,SINE-enriched genes,NOL9
SINE,SINE-enriched genes,NPAS1
SINE,SINE-enriched genes,NPLOC4
SINE,SINE-enriched genes,NRBP1
SINE,SINE-enriched genes,NUP85
SINE,SINE-enriched genes,NXNL1
SINE,SINE-enriched genes,ORAI1
SINE,SINE-enriched genes,OTUB1
SINE,SINE-enriched genes,PAFAH1B3
SINE,SINE-enriched genes,PBX4
SINE,SINE-enriched genes,PDE4A
SINE,SINE-enriched genes,PDE6G
SINE,SINE-enriched genes,PDPR
SINE,SINE-enriched genes,PGPEP1
SINE,SINE-enriched genes,PHACTR4
SINE,SINE-enriched genes,PIF1
SINE,SINE-enriched genes,PISD
SINE,SINE-enriched genes,PITHD1
SINE,SINE-enriched genes,PKD1
SINE,SINE-enriched genes,PLA2G1B
SINE,SINE-enriched genes,PLA2G6
SINE,SINE-enriched genes,PLEKHA4
SINE,SINE-enriched genes,PLVAP
SINE,SINE-enriched genes,PMM1
SINE,SINE-enriched genes,PMVK
SINE,SINE-enriched genes,POLR2G
SINE,SINE-enriched genes,POLR3H
SINE,SINE-enriched genes,PRPF3
SINE,SINE-enriched genes,PRR19
SINE,SINE-enriched genes,PRRG2
SINE,SINE-enriched genes,PRX
SINE,SINE-enriched genes,PSKH1
SINE,SINE-enriched genes,PSMA6
SINE,SINE-enriched genes,PSMB5
SINE,SINE-enriched genes,PSMD4
SINE,SINE-enriched genes,PTGES3
SINE,SINE-enriched genes,PTPN11
SINE,SINE-enriched genes,PUM1
SINE,SINE-enriched genes,PWWP2A
SINE,SINE-enriched genes,R3HDM4
SINE,SINE-enriched genes,RAB10
SINE,SINE-enriched genes,RAB19
SINE,SINE-enriched genes,RABEPK
SINE,SINE-enriched genes,RBP7
SINE,SINE-enriched genes,REC8
SINE,SINE-enriched genes,RELB
SINE,SINE-enriched genes,RHOT1
SINE,SINE-enriched genes,RILPL1
SINE,SINE-enriched genes,RILPL2
SINE,SINE-enriched genes,RITA1
SINE,SINE-enriched genes,RLN3
SINE,SINE-enriched genes,RMDN3
SINE,SINE-enriched genes,RNASEH2A
SINE,SINE-enriched genes,RPA2
SINE,SINE-enriched genes,RPAP1
SINE,SINE-enriched genes,RPGRIP1
SINE,SINE-enriched genes,RPL24
SINE,SINE-enriched genes,RPS10
SINE,SINE-enriched genes,RPS9
SINE,SINE-enriched genes,RRP12
SINE,SINE-enriched genes,SAE1
SINE,SINE-enriched genes,SCAMP4
SINE,SINE-enriched genes,SDS
SINE,SINE-enriched genes,SEC24A
SINE,SINE-enriched genes,SEPHS2
SINE,SINE-enriched genes,SERTAD1
SINE,SINE-enriched genes,SESN2
SINE,SINE-enriched genes,SFI1
SINE,SINE-enriched genes,SH3GLB2
SINE,SINE-enriched genes,SIRT4
SINE,SINE-enriched genes,SLC37A3
SINE,SINE-enriched genes,SLC44A2
SINE,SINE-enriched genes,SMARCA4
SINE,SINE-enriched genes,SMARCC1
SINE,SINE-enriched genes,SMIM14
SINE,SINE-enriched genes,SNF8
SINE,SINE-enriched genes,SNRPC
SINE,SINE-enriched genes,SNRPD2
SINE,SINE-enriched genes,SNTA1
SINE,SINE-enriched genes,SNX4
SINE,SINE-enriched genes,SNX8
SINE,SINE-enriched genes,SPATA2
SINE,SINE-enriched genes,SPG7
SINE,SINE-enriched genes,SRCAP
SINE,SINE-enriched genes,SSC4D
SINE,SINE-enriched genes,SSR2
SINE,SINE-enriched genes,SUMO2
SINE,SINE-enriched genes,SUZ12
SINE,SINE-enriched genes,SYCE2
SINE,SINE-enriched genes,SZRD1
SINE,SINE-enriched genes,TAB1
SINE,SINE-enriched genes,TAF6
SINE,SINE-enriched genes,TARDBP
SINE,SINE-enriched genes,TEF
SINE,SINE-enriched genes,TIPIN
SINE,SINE-enriched genes,TKTL1
SINE,SINE-enriched genes,TM4SF5
SINE,SINE-enriched genes,TMEM91
SINE,SINE-enriched genes,TNPO2
SINE,SINE-enriched genes,TRIAP1
SINE,SINE-enriched genes,TRIM75
SINE,SINE-enriched genes,TRNAU1AP
SINE,SINE-enriched genes,TSGA10IP
SINE,SINE-enriched genes,TSNAXIP1
SINE,SINE-enriched genes,TXNDC15
SINE,SINE-enriched genes,UBA52
SINE,SINE-enriched genes,UBAP1
SINE,SINE-enriched genes,UBAP2
SINE,SINE-enriched genes,UBB
SINE,SINE-enriched genes,UBE2G1
SINE,SINE-enriched genes,UBXN1
SINE,SINE-enriched genes,UBXN11
SINE,SINE-enriched genes,UBXN6
SINE,SINE-enriched genes,UHRF1
SINE,SINE-enriched genes,UQCC3
SINE,SINE-enriched genes,USP4
SINE,SINE-enriched genes,VASP
SINE,SINE-enriched genes,VHL
SINE,SINE-enriched genes,VKORC1
SINE,SINE-enriched genes,VPS11
SINE,SINE-enriched genes,VPS25
SINE,SINE-enriched genes,VPS51
SINE,SINE-enriched genes,WDR45
SINE,SINE-enriched genes,WDR74
SINE,SINE-enriched genes,WIPI2
SINE,SINE-enriched genes,XPO4
SINE,SINE-enriched genes,XPO6
SINE,SINE-enriched genes,ZNF207
SINE,SINE-enriched genes,ZNF335
SINE,SINE-enriched genes,ZNF709
SINE,SINE-enriched genes,ZNF786
SINE,SINE-enriched genes,ZP3
SINE,SINE-enriched genes,ZSCAN21
SINE,SINE-enriched genes,ZSWIM3
DNA,L1-enriched genes,ABCA4
DNA,L1-enriched genes,AIFM1
DNA,L1-enriched genes,ASB14
DNA,L1-enriched genes,CACNA2D4
DNA,L1-enriched genes,CBR4
DNA,L1-enriched genes,CCR1
DNA,L1-enriched genes,CHAC2
DNA,L1-enriched genes,DISP1
DNA,L1-enriched genes,E2F5
DNA,L1-enriched genes,EXOC6B
DNA,L1-enriched genes,GMNC
DNA,L1-enriched genes,GPR34
DNA,L1-enriched genes,IL12RB2
DNA,L1-enriched genes,KRCC1
DNA,L1-enriched genes,L3MBTL4
DNA,L1-enriched genes,METTL14
DNA,L1-enriched genes,MS4A12
DNA,L1-enriched genes,PHF8
DNA,L1-enriched genes,PRLR
DNA,L1-enriched genes,PRR5L
DNA,L1-enriched genes,RCN2
DNA,L1-enriched genes,SMR3A
DNA,L1-enriched genes,SRI
DNA,L1-enriched genes,TAS2R40
DNA,L1-enriched genes,TC2N
DNA,L1-enriched genes,TRIM34
DNA,L1-enriched genes,ZFP42
DNA,Low-complexity-repeat-enriched genes,ACADL
DNA,Low-complexity-repeat-enriched genes,ACVR1
DNA,Low-complexity-repeat-enriched genes,AEBP2
DNA,Low-complexity-repeat-enriched genes,ANK3
DNA,Low-complexity-repeat-enriched genes,ANKRD13A
DNA,Low-complexity-repeat-enriched genes,ARHGEF7
DNA,Low-complexity-repeat-enriched genes,ARL13B
DNA,Low-complexity-repeat-enriched genes,BEND7
DNA,Low-complexity-repeat-enriched genes,BRAP
DNA,Low-complexity-repeat-enriched genes,CASD1
DNA,Low-complexity-repeat-enriched genes,CCDC25
DNA,Low-complexity-repeat-enriched genes,CELF2
DNA,Low-complexity-repeat-enriched genes,CEP250
DNA,Low-complexity-repeat-enriched genes,CERS3
DNA,Low-complexity-repeat-enriched genes,CGGBP1
DNA,Low-complexity-repeat-enriched genes,CHAF1A
DNA,Low-complexity-repeat-enriched genes,CLN6
DNA,Low-complexity-repeat-enriched genes,CLYBL
DNA,Low-complexity-repeat-enriched genes,COBL
DNA,Low-complexity-repeat-enriched genes,CREB5
DNA,Low-complexity-repeat-enriched genes,CRYZL1
DNA,Low-complexity-repeat-enriched genes,DCTN1
DNA,Low-complexity-repeat-enriched genes,DNAJA4
DNA,Low-complexity-repeat-enriched genes,DNAJC5B
DNA,Low-complexity-repeat-enriched genes,EHF
DNA,Low-complexity-repeat-enriched genes,EID1
DNA,Low-complexity-repeat-enriched genes,EPC1
DNA,Low-complexity-repeat-enriched genes,FAM107B
DNA,Low-complexity-repeat-enriched genes,FBXO28
DNA,Low-complexity-repeat-enriched genes,FREM1
DNA,Low-complexity-repeat-enriched genes,GAR1
DNA,Low-complexity-repeat-enriched genes,GGA2
DNA,Low-complexity-repeat-enriched genes,HADH
DNA,Low-complexity-repeat-enriched genes,HECTD2
DNA,Low-complexity-repeat-enriched genes,HECW2
DNA,Low-complexity-repeat-enriched genes,IGFBP2
DNA,Low-complexity-repeat-enriched genes,INCENP
DNA,Low-complexity-repeat-enriched genes,IREB2
DNA,Low-complexity-repeat-enriched genes,KALRN
DNA,Low-complexity-repeat-enriched genes,KCNIP4
DNA,Low-complexity-repeat-enriched genes,KCNMA1
DNA,Low-complexity-repeat-enriched genes,KCTD1
DNA,Low-complexity-repeat-enriched genes,KIAA1549
DNA,Low-complexity-repeat-enriched genes,LARP1
DNA,Low-complexity-repeat-enriched genes,LARP7
DNA,Low-complexity-repeat-enriched genes,LEMD1
DNA,Low-complexity-repeat-enriched genes,LIPE
DNA,Low-complexity-repeat-enriched genes,MAPT
DNA,Low-complexity-repeat-enriched genes,MPP7
DNA,Low-complexity-repeat-enriched genes,NAA20
DNA,Low-complexity-repeat-enriched genes,NSUN2
DNA,Low-complexity-repeat-enriched genes,PAPPA2
DNA,Low-complexity-repeat-enriched genes,PDE4D
DNA,Low-complexity-repeat-enriched genes,PDZRN3
DNA,Low-complexity-repeat-enriched genes,PGRMC2
DNA,Low-complexity-repeat-enriched genes,PHF19
DNA,Low-complexity-repeat-enriched genes,PHF20L1
DNA,Low-complexity-repeat-enriched genes,PLEKHA5
DNA,Low-complexity-repeat-enriched genes,POLR2M
DNA,Low-complexity-repeat-enriched genes,POP1
DNA,Low-complexity-repeat-enriched genes,PPM1A
DNA,Low-complexity-repeat-enriched genes,PRKCE
DNA,Low-complexity-repeat-enriched genes,PTPRT
DNA,Low-complexity-repeat-enriched genes,RAB12
DNA,Low-complexity-repeat-enriched genes,RBM33
DNA,Low-complexity-repeat-enriched genes,RBM47
DNA,Low-complexity-repeat-enriched genes,REPS1
DNA,Low-complexity-repeat-enriched genes,RFX4
DNA,Low-complexity-repeat-enriched genes,RHOU
DNA,Low-complexity-repeat-enriched genes,RNF146
DNA,Low-complexity-repeat-enriched genes,RSBN1
DNA,Low-complexity-repeat-enriched genes,RUFY1
DNA,Low-complexity-repeat-enriched genes,SECISBP2L
DNA,Low-complexity-repeat-enriched genes,SH3BP5
DNA,Low-complexity-repeat-enriched genes,SHF
DNA,Low-complexity-repeat-enriched genes,SLC4A5
DNA,Low-complexity-repeat-enriched genes,SMAD3
DNA,Low-complexity-repeat-enriched genes,SMARCA2
DNA,Low-complexity-repeat-enriched genes,SREK1IP1
DNA,Low-complexity-repeat-enriched genes,SRRT
DNA,Low-complexity-repeat-enriched genes,SSH1
DNA,Low-complexity-repeat-enriched genes,SYNJ2
DNA,Low-complexity-repeat-enriched genes,TCEA3
DNA,Low-complexity-repeat-enriched genes,TLK1
DNA,Low-complexity-repeat-enriched genes,TMEM132B
DNA,Low-complexity-repeat-enriched genes,TMTC4
DNA,Low-complexity-repeat-enriched genes,TRIM33
DNA,Low-complexity-repeat-enriched genes,TRPC1
DNA,Low-complexity-repeat-enriched genes,UBE2Q2
DNA,Low-complexity-repeat-enriched genes,UBE2Z
DNA,Low-complexity-repeat-enriched genes,UBN2
DNA,Low-complexity-repeat-enriched genes,URI1
DNA,Low-complexity-repeat-enriched genes,USP31
DNA,Low-complexity-repeat-enriched genes,USP7
DNA,Low-complexity-repeat-enriched genes,XPO1
DNA,Low-complexity-repeat-enriched genes,YBX1
DNA,Low-complexity-repeat-enriched genes,ZBTB7C
DNA,Low-complexity-repeat-enriched genes,ZCCHC24
DNA,SINE-enriched genes,ADCY3
DNA,SINE-enriched genes,AGBL2
DNA,SINE-enriched genes,AK7
DNA,SINE-enriched genes,APPBP2
DNA,SINE-enriched genes,ATOX1
DNA,SINE-enriched genes,BRAP
DNA,SINE-enriched genes,C12orf42
DNA,SINE-enriched genes,CNDP2
DNA,SINE-enriched genes,CNR2
DNA,SINE-enriched genes,COMMD7
DNA,SINE-enriched genes,CRYZL1
DNA,SINE-enriched genes,CSTF2T
DNA,SINE-enriched genes,DCTN1
DNA,SINE-enriched genes,DCTN6
DNA,SINE-enriched genes,DDX24
DNA,SINE-enriched genes,DDX55
DNA,SINE-enriched genes,FA2H
DNA,SINE-enriched genes,FANCE
DNA,SINE-enriched genes,FBXO34
DNA,SINE-enriched genes,GABPB1
DNA,SINE-enriched genes,GALNT1
DNA,SINE-enriched genes,GIGYF2
DNA,SINE-enriched genes,GLRX2
DNA,SINE-enriched genes,GMNN
DNA,SINE-enriched genes,HOMEZ
DNA,SINE-enriched genes,HSBP1
DNA,SINE-enriched genes,ITPR3
DNA,SINE-enriched genes,KLHL23
DNA,SINE-enriched genes,KLHL7
DNA,SINE-enriched genes,LAMP2
DNA,SINE-enriched genes,LSM10
DNA,SINE-enriched genes,MAPT
DNA,SINE-enriched genes,MCM6
DNA,SINE-enriched genes,NDUFB9
DNA,SINE-enriched genes,NOP16
DNA,SINE-enriched genes,NSUN6
DNA,SINE-enriched genes,OAZ1
DNA,SINE-enriched genes,PAPOLA
DNA,SINE-enriched genes,PCYT1A
DNA,SINE-enriched genes,PEX3
DNA,SINE-enriched genes,PITHD1
DNA,SINE-enriched genes,PLA2G4E
DNA,SINE-enriched genes,PLEKHA5
DNA,SINE-enriched genes,PPP1R21
DNA,SINE-enriched genes,PSMD1
DNA,SINE-enriched genes,PTPN4
DNA,SINE-enriched genes,RBM44
DNA,SINE-enriched genes,RBM47
DNA,SINE-enriched genes,RGL2
DNA,SINE-enriched genes,RIN3
DNA,SINE-enriched genes,RPL5
DNA,SINE-enriched genes,SCOC
DNA,SINE-enriched genes,SFI1
DNA,SINE-enriched genes,SGTA
DNA,SINE-enriched genes,SLC26A8
DNA,SINE-enriched genes,SPPL2A
DNA,SINE-enriched genes,SRD5A1
DNA,SINE-enriched genes,TRAPPC8
DNA,SINE-enriched genes,TSPO2
DNA,SINE-enriched genes,ZBTB25
DNA,SINE-enriched genes,ZFP62
DNA,SINE-enriched genes,ZGRF1
SVA,L1-enriched genes,ACAP2
SVA,L1-enriched genes,ATG3
SVA,L1-enriched genes,BRMS1L
SVA,L1-enriched genes,CCDC107
SVA,L1-enriched genes,CLEC6A
SVA,L1-enriched genes,COPS5
SVA,L1-enriched genes,DNAH14
SVA,L1-enriched genes,FUT8
SVA,L1-enriched genes,LPAR1
SVA,L1-enriched genes,MS4A1
SVA,L1-enriched genes,MS4A12
SVA,L1-enriched genes,NLRP9
SVA,L1-enriched genes,RIT2
SVA,L1-enriched genes,RMDN2
SVA,L1-enriched genes,SCAPER
SVA,L1-enriched genes,SLC25A2
SVA,L1-enriched genes,SLC35A5
SVA,L1-enriched genes,SPOP
SVA,L1-enriched genes,SRSF7
SVA,L1-enriched genes,SYNPR
SVA,L1-enriched genes,TACR3
SVA,L1-enriched genes,TMEM41A
SVA,L1-enriched genes,VN1R4
SVA,L1-enriched genes,ZFP42
SVA,Low-complexity-repeat-enriched genes,AGO4
SVA,Low-complexity-repeat-enriched genes,ARGLU1
SVA,Low-complexity-repeat-enriched genes,ARHGDIG
SVA,Low-complexity-repeat-enriched genes,ARIH2
SVA,Low-complexity-repeat-enriched genes,ATN1
SVA,Low-complexity-repeat-enriched genes,BAZ2A
SVA,Low-complexity-repeat-enriched genes,BEAN1
SVA,Low-complexity-repeat-enriched genes,BZW1
SVA,Low-complexity-repeat-enriched genes,C6orf132
SVA,Low-complexity-repeat-enriched genes,CADM2
SVA,Low-complexity-repeat-enriched genes,CAPNS1
SVA,Low-complexity-repeat-enriched genes,CCDC146
SVA,Low-complexity-repeat-enriched genes,CCDC158
SVA,Low-complexity-repeat-enriched genes,CMTM4
SVA,Low-complexity-repeat-enriched genes,CPEB3
SVA,Low-complexity-repeat-enriched genes,CREBZF
SVA,Low-complexity-repeat-enriched genes,DAZAP2
SVA,Low-complexity-repeat-enriched genes,DRP2
SVA,Low-complexity-repeat-enriched genes,EIF3F
SVA,Low-complexity-repeat-enriched genes,EIF4EBP2
SVA,Low-complexity-repeat-enriched genes,EIF5
SVA,Low-complexity-repeat-enriched genes,EPHX4
SVA,Low-complexity-repeat-enriched genes,ERLEC1
SVA,Low-complexity-repeat-enriched genes,FAM168B
SVA,Low-complexity-repeat-enriched genes,FANK1
SVA,Low-complexity-repeat-enriched genes,FIGNL2
SVA,Low-complexity-repeat-enriched genes,GAS6
SVA,Low-complexity-repeat-enriched genes,GGA2
SVA,Low-complexity-repeat-enriched genes,GTPBP2
SVA,Low-complexity-repeat-enriched genes,HNRNPL
SVA,Low-complexity-repeat-enriched genes,HOMER3
SVA,Low-complexity-repeat-enriched genes,IFRD1
SVA,Low-complexity-repeat-enriched genes,KIF2A
SVA,Low-complexity-repeat-enriched genes,KRT82
SVA,Low-complexity-repeat-enriched genes,LDB1
SVA,Low-complexity-repeat-enriched genes,MACROD1
SVA,Low-complexity-repeat-enriched genes,MARF1
SVA,Low-complexity-repeat-enriched genes,MED19
SVA,Low-complexity-repeat-enriched genes,MME
SVA,Low-complexity-repeat-enriched genes,NCKIPSD
SVA,Low-complexity-repeat-enriched genes,NCOA6
SVA,Low-complexity-repeat-enriched genes,NFE2L3
SVA,Low-complexity-repeat-enriched genes,PGP
SVA,Low-complexity-repeat-enriched genes,PODXL2
SVA,Low-complexity-repeat-enriched genes,PRKAA1
SVA,Low-complexity-repeat-enriched genes,PTPN12
SVA,Low-complexity-repeat-enriched genes,RABGEF1
SVA,Low-complexity-repeat-enriched genes,RBM47
SVA,Low-complexity-repeat-enriched genes,REPS2
SVA,Low-complexity-repeat-enriched genes,RFNG
SVA,Low-complexity-repeat-enriched genes,RGMB
SVA,Low-complexity-repeat-enriched genes,RND1
SVA,Low-complexity-repeat-enriched genes,SCARB2
SVA,Low-complexity-repeat-enriched genes,SLC25A28
SVA,Low-complexity-repeat-enriched genes,SLC45A4
SVA,Low-complexity-repeat-enriched genes,SLC8A2
SVA,Low-complexity-repeat-enriched genes,SPECC1
SVA,Low-complexity-repeat-enriched genes,SPOP
SVA,Low-complexity-repeat-enriched genes,SRSF9
SVA,Low-complexity-repeat-enriched genes,SSH1
SVA,Low-complexity-repeat-enriched genes,TBC1D5
SVA,Low-complexity-repeat-enriched genes,TRABD
SVA,Low-complexity-repeat-enriched genes,TRAF3
SVA,Low-complexity-repeat-enriched genes,TULP4
SVA,Low-complexity-repeat-enriched genes,TXNL4B
SVA,Low-complexity-repeat-enriched genes,UBE2U
SVA,Low-complexity-repeat-enriched genes,UBN2
SVA,Low-complexity-repeat-enriched genes,USP7
SVA,Low-complexity-repeat-enriched genes,ZBTB4
SVA,Low-complexity-repeat-enriched genes,ZMYND11
SVA,SINE-enriched genes,ACBD4
SVA,SINE-enriched genes,ACTR2
SVA,SINE-enriched genes,AMBRA1
SVA,SINE-enriched genes,AP4M1
SVA,SINE-enriched genes,ARRDC2
SVA,SINE-enriched genes,BECN1
SVA,SINE-enriched genes,BNIPL
SVA,SINE-enriched genes,CAPNS1
SVA,SINE-enriched genes,CCDC163
SVA,SINE-enriched genes,CDKL3
SVA,SINE-enriched genes,CKAP5
SVA,SINE-enriched genes,CKB
SVA,SINE-enriched genes,CNPY4
SVA,SINE-enriched genes,COLEC11
SVA,SINE-enriched genes,CWC25
SVA,SINE-enriched genes,DNM2
SVA,SINE-enriched genes,DPPA4
SVA,SINE-enriched genes,DPPA5
SVA,SINE-enriched genes,DYNLL1
SVA,SINE-enriched genes,EMC3
SVA,SINE-enriched genes,ERCC8
SVA,SINE-enriched genes,ERI3
SVA,SINE-enriched genes,ESRRB
SVA,SINE-enriched genes,FBXO47
SVA,SINE-enriched genes,GINS2
SVA,SINE-enriched genes,HNRNPF
SVA,SINE-enriched genes,HYOU1
SVA,SINE-enriched genes,ITGB7
SVA,SINE-enriched genes,KHDC3L
SVA,SINE-enriched genes,KIF2C
SVA,SINE-enriched genes,KIFC1
SVA,SINE-enriched genes,KLHL24
SVA,SINE-enriched genes,LASP1NB
SVA,SINE-enriched genes,MAD2L1BP
SVA,SINE-enriched genes,MED18
SVA,SINE-enriched genes,METTL16
SVA,SINE-enriched genes,MRPS25
SVA,SINE-enriched genes,NCOA6
SVA,SINE-enriched genes,NUP85
SVA,SINE-enriched genes,PADI6
SVA,SINE-enriched genes,PI16
SVA,SINE-enriched genes,PISD
SVA,SINE-enriched genes,PLAC8
SVA,SINE-enriched genes,POLR2A
SVA,SINE-enriched genes,POLR2G
SVA,SINE-enriched genes,PRIM2
SVA,SINE-enriched genes,PRPF8
SVA,SINE-enriched genes,PRRX2
SVA,SINE-enriched genes,PRSS21
SVA,SINE-enriched genes,PRSS41
SVA,SINE-enriched genes,PSMD4
SVA,SINE-enriched genes,PSMG3
SVA,SINE-enriched genes,PSPC1
SVA,SINE-enriched genes,PSPH
SVA,SINE-enriched genes,PTDSS2
SVA,SINE-enriched genes,PTK2
SVA,SINE-enriched genes,PUS1
SVA,SINE-enriched genes,RAB19
SVA,SINE-enriched genes,RAD54L
SVA,SINE-enriched genes,RBM47
SVA,SINE-enriched genes,REST
SVA,SINE-enriched genes,RETSAT
SVA,SINE-enriched genes,RFC4
SVA,SINE-enriched genes,RGS11
SVA,SINE-enriched genes,RHOBTB2
SVA,SINE-enriched genes,RILPL2
SVA,SINE-enriched genes,RND1
SVA,SINE-enriched genes,RNF11
SVA,SINE-enriched genes,RPUSD3
SVA,SINE-enriched genes,RSRC2
SVA,SINE-enriched genes,SALL2
SVA,SINE-enriched genes,SCOC
SVA,SINE-enriched genes,SDF2
SVA,SINE-enriched genes,SLBP
SVA,SINE-enriched genes,SLC35E4
SVA,SINE-enriched genes,SLC35F6
SVA,SINE-enriched genes,SLC37A3
SVA,SINE-enriched genes,SLC44A2
SVA,SINE-enriched genes,SNRPC
SVA,SINE-enriched genes,STIP1
SVA,SINE-enriched genes,SWI5
SVA,SINE-enriched genes,SYNC
SVA,SINE-enriched genes,TAF6
SVA,SINE-enriched genes,TAPBPL
SVA,SINE-enriched genes,TMEM170A
SVA,SINE-enriched genes,TMEM41B
SVA,SINE-enriched genes,TNIP2
SVA,SINE-enriched genes,TOMM5
SVA,SINE-enriched genes,TSGA10IP
SVA,SINE-enriched genes,UBC
SVA,SINE-enriched genes,VAMP1
SVA,SINE-enriched genes,ZCCHC13
SVA,SINE-enriched genes,ZNF709
Helitron,L1-enriched genes,CCDC68
Helitron,L1-enriched genes,MCEE
Helitron,L1-enriched genes,ZC4H2
Helitron,Low-complexity-repeat-enriched genes,ARHGEF7
Helitron,Low-complexity-repeat-enriched genes,BATF3
Helitron,Low-complexity-repeat-enriched genes,C1orf198
Helitron,Low-complexity-repeat-enriched genes,EGLN1
Helitron,Low-complexity-repeat-enriched genes,GLS
Helitron,Low-complexity-repeat-enriched genes,LHFPL3
Helitron,Low-complexity-repeat-enriched genes,PRKG2
Helitron,Low-complexity-repeat-enriched genes,RALGPS2
Helitron,Low-complexity-repeat-enriched genes,TBC1D2B
Helitron,Low-complexity-repeat-enriched genes,TPD52
Helitron,Low-complexity-repeat-enriched genes,ZBTB7C
Helitron,SINE-enriched genes,GALNT1
Helitron,SINE-enriched genes,MIS18BP1
Helitron,SINE-enriched genes,SAMD15
Helitron,SINE-enriched genes,TMED8
Helitron,SINE-enriched genes,TMEM62
Helitron,SINE-enriched genes,VGLL4
TE_top,L1-enriched genes,ADGRE1
TE_top,L1-enriched genes,ARMC1
TE_top,L1-enriched genes,BCL2L14
TE_top,L1-enriched genes,CASP8
TE_top,L1-enriched genes,CLDN34
TE_top,L1-enriched genes,DNM1L
TE_top,L1-enriched genes,GP6
TE_top,L1-enriched genes,GPR34
TE_top,L1-enriched genes,HEPH
TE_top,L1-enriched genes,HHLA1
TE_top,L1-enriched genes,LAMP3
TE_top,L1-enriched genes,MUC16
TE_top,L1-enriched genes,NLRP9
TE_top,L1-enriched genes,SPIDR
TE_top,L1-enriched genes,TEX28
TE_top,L1-enriched genes,ZC3H14
TE_top,Low-complexity-repeat-enriched genes,ABCC4
TE_top,Low-complexity-repeat-enriched genes,ACTR10
TE_top,Low-complexity-repeat-enriched genes,ACTR5
TE_top,Low-complexity-repeat-enriched genes,AGO1
TE_top,Low-complexity-repeat-enriched genes,ARIH2
TE_top,Low-complexity-repeat-enriched genes,ASCC2
TE_top,Low-complexity-repeat-enriched genes,ASMT
TE_top,Low-complexity-repeat-enriched genes,CALR4P
TE_top,Low-complexity-repeat-enriched genes,CECR2
TE_top,Low-complexity-repeat-enriched genes,CELF1
TE_top,Low-complexity-repeat-enriched genes,CEP250
TE_top,Low-complexity-repeat-enriched genes,CLDN34
TE_top,Low-complexity-repeat-enriched genes,CLPTM1
TE_top,Low-complexity-repeat-enriched genes,CLYBL
TE_top,Low-complexity-repeat-enriched genes,CMTM4
TE_top,Low-complexity-repeat-enriched genes,CPPED1
TE_top,Low-complexity-repeat-enriched genes,CUL4B
TE_top,Low-complexity-repeat-enriched genes,DOT1L
TE_top,Low-complexity-repeat-enriched genes,DTNB
TE_top,Low-complexity-repeat-enriched genes,ELAVL1
TE_top,Low-complexity-repeat-enriched genes,FAF2
TE_top,Low-complexity-repeat-enriched genes,FAM149B1
TE_top,Low-complexity-repeat-enriched genes,FAM168B
TE_top,Low-complexity-repeat-enriched genes,FAM76A
TE_top,Low-complexity-repeat-enriched genes,GGA2
TE_top,Low-complexity-repeat-enriched genes,GMEB1
TE_top,Low-complexity-repeat-enriched genes,HDAC1
TE_top,Low-complexity-repeat-enriched genes,IARS2
TE_top,Low-complexity-repeat-enriched genes,IL3RA
TE_top,Low-complexity-repeat-enriched genes,ITGB5
TE_top,Low-complexity-repeat-enriched genes,MAPK1
TE_top,Low-complexity-repeat-enriched genes,MED28
TE_top,Low-complexity-repeat-enriched genes,MGRN1
TE_top,Low-complexity-repeat-enriched genes,NAA20
TE_top,Low-complexity-repeat-enriched genes,NCOA6
TE_top,Low-complexity-repeat-enriched genes,NCS1
TE_top,Low-complexity-repeat-enriched genes,NT5C2
TE_top,Low-complexity-repeat-enriched genes,PHF19
TE_top,Low-complexity-repeat-enriched genes,PPP6C
TE_top,Low-complexity-repeat-enriched genes,PRRC2B
TE_top,Low-complexity-repeat-enriched genes,RABGEF1
TE_top,Low-complexity-repeat-enriched genes,RBM19
TE_top,Low-complexity-repeat-enriched genes,RFX4
TE_top,Low-complexity-repeat-enriched genes,RPA1
TE_top,Low-complexity-repeat-enriched genes,RUFY1
TE_top,Low-complexity-repeat-enriched genes,SH3BP5
TE_top,Low-complexity-repeat-enriched genes,SMIM22
TE_top,Low-complexity-repeat-enriched genes,SPECC1
TE_top,Low-complexity-repeat-enriched genes,SRRT
TE_top,Low-complexity-repeat-enriched genes,SRSF9
TE_top,Low-complexity-repeat-enriched genes,TADA2A
TE_top,Low-complexity-repeat-enriched genes,TMEM40
TE_top,Low-complexity-repeat-enriched genes,TPCN1
TE_top,Low-complexity-repeat-enriched genes,TRAPPC9
TE_top,Low-complexity-repeat-enriched genes,TRIM33
TE_top,Low-complexity-repeat-enriched genes,TTC39A
TE_top,Low-complexity-repeat-enriched genes,URI1
TE_top,Low-complexity-repeat-enriched genes,USP7
TE_top,Low-complexity-repeat-enriched genes,VSIG10
TE_top,Low-complexity-repeat-enriched genes,ZC3H14
TE_top,Low-complexity-repeat-enriched genes,ZNF771
TE_top,SINE-enriched genes,ABHD6
TE_top,SINE-enriched genes,ADSL
TE_top,SINE-enriched genes,AGBL2
TE_top,SINE-enriched genes,AK7
TE_top,SINE-enriched genes,ANAPC5
TE_top,SINE-enriched genes,AP1B1
TE_top,SINE-enriched genes,AP3D1
TE_top,SINE-enriched genes,APOC4
TE_top,SINE-enriched genes,ASCC2
TE_top,SINE-enriched genes,ATOX1
TE_top,SINE-enriched genes,ATP1B2
TE_top,SINE-enriched genes,BACE1
TE_top,SINE-enriched genes,BAX
TE_top,SINE-enriched genes,BBS4
TE_top,SINE-enriched genes,BECN1
TE_top,SINE-enriched genes,BLM
TE_top,SINE-enriched genes,C10orf62
TE_top,SINE-enriched genes,C17orf75
TE_top,SINE-enriched genes,C19orf44
TE_top,SINE-enriched genes,CALR3
TE_top,SINE-enriched genes,CASP8AP2
TE_top,SINE-enriched genes,CATSPERG
TE_top,SINE-enriched genes,CBFA2T2
TE_top,SINE-enriched genes,CBY3
TE_top,SINE-enriched genes,CCL5
TE_top,SINE-enriched genes,CELF1
TE_top,SINE-enriched genes,CENPH
TE_top,SINE-enriched genes,CEP164
TE_top,SINE-enriched genes,CIB2
TE_top,SINE-enriched genes,CKAP5
TE_top,SINE-enriched genes,CLASRP
TE_top,SINE-enriched genes,CNPY4
TE_top,SINE-enriched genes,CNR2
TE_top,SINE-enriched genes,COA7
TE_top,SINE-enriched genes,COMMD5
TE_top,SINE-enriched genes,COMMD7
TE_top,SINE-enriched genes,COX6A1
TE_top,SINE-enriched genes,CUL5
TE_top,SINE-enriched genes,CWC25
TE_top,SINE-enriched genes,DAG1
TE_top,SINE-enriched genes,DAND5
TE_top,SINE-enriched genes,DDHD2
TE_top,SINE-enriched genes,DDX46
TE_top,SINE-enriched genes,DNA2
TE_top,SINE-enriched genes,DNAJA3
TE_top,SINE-enriched genes,DNM2
TE_top,SINE-enriched genes,DOHH
TE_top,SINE-enriched genes,DPF2
TE_top,SINE-enriched genes,DPY30
TE_top,SINE-enriched genes,DRG2
TE_top,SINE-enriched genes,DTNB
TE_top,SINE-enriched genes,DYNLL1
TE_top,SINE-enriched genes,EIF3L
TE_top,SINE-enriched genes,ELOF1
TE_top,SINE-enriched genes,EMC3
TE_top,SINE-enriched genes,EP400
TE_top,SINE-enriched genes,ERCC2
TE_top,SINE-enriched genes,EVI5
TE_top,SINE-enriched genes,EXOC7
TE_top,SINE-enriched genes,FAM76A
TE_top,SINE-enriched genes,FBXO46
TE_top,SINE-enriched genes,FLYWCH1
TE_top,SINE-enriched genes,FNBP4
TE_top,SINE-enriched genes,FOLR1
TE_top,SINE-enriched genes,GANAB
TE_top,SINE-enriched genes,GINS2
TE_top,SINE-enriched genes,GMEB1
TE_top,SINE-enriched genes,GMFG
TE_top,SINE-enriched genes,GMNN
TE_top,SINE-enriched genes,GPATCH3
TE_top,SINE-enriched genes,GTF2F1
TE_top,SINE-enriched genes,HINFP
TE_top,SINE-enriched genes,HIP1
TE_top,SINE-enriched genes,HMGCL
TE_top,SINE-enriched genes,IFI35
TE_top,SINE-enriched genes,IMP3
TE_top,SINE-enriched genes,INSL3
TE_top,SINE-enriched genes,INTS5
TE_top,SINE-enriched genes,IPO11
TE_top,SINE-enriched genes,IPO7
TE_top,SINE-enriched genes,IRAK2
TE_top,SINE-enriched genes,KDM4A
TE_top,SINE-enriched genes,KLB
TE_top,SINE-enriched genes,LDLRAD2
TE_top,SINE-enriched genes,LEO1
TE_top,SINE-enriched genes,LSM10
TE_top,SINE-enriched genes,LUZP1
TE_top,SINE-enriched genes,MCAT
TE_top,SINE-enriched genes,MED1
TE_top,SINE-enriched genes,MED18
TE_top,SINE-enriched genes,MORN3
TE_top,SINE-enriched genes,MRPL4
TE_top,SINE-enriched genes,MRPL47
TE_top,SINE-enriched genes,MTRF1
TE_top,SINE-enriched genes,MYADML2
TE_top,SINE-enriched genes,MYDGF
TE_top,SINE-enriched genes,NAA25
TE_top,SINE-enriched genes,NANOS2
TE_top,SINE-enriched genes,NASP
TE_top,SINE-enriched genes,NCOA6
TE_top,SINE-enriched genes,NDUFAB1
TE_top,SINE-enriched genes,NDUFS5
TE_top,SINE-enriched genes,NLRP12
TE_top,SINE-enriched genes,NME1
TE_top,SINE-enriched genes,NOP58
TE_top,SINE-enriched genes,NPAS1
TE_top,SINE-enriched genes,NPLOC4
TE_top,SINE-enriched genes,NQO1
TE_top,SINE-enriched genes,NXNL1
TE_top,SINE-enriched genes,PADI6
TE_top,SINE-enriched genes,PDE6G
TE_top,SINE-enriched genes,PDPR
TE_top,SINE-enriched genes,PIK3CD
TE_top,SINE-enriched genes,PISD
TE_top,SINE-enriched genes,PITHD1
TE_top,SINE-enriched genes,PLA2G1B
TE_top,SINE-enriched genes,PLVAP
TE_top,SINE-enriched genes,PMM1
TE_top,SINE-enriched genes,PMVK
TE_top,SINE-enriched genes,POLA2
TE_top,SINE-enriched genes,POLR2G
TE_top,SINE-enriched genes,POLR3H
TE_top,SINE-enriched genes,PRX
TE_top,SINE-enriched genes,PSKH1
TE_top,SINE-enriched genes,PSMB5
TE_top,SINE-enriched genes,PSMD4
TE_top,SINE-enriched genes,PSPH
TE_top,SINE-enriched genes,PTPN11
TE_top,SINE-enriched genes,RAB10
TE_top,SINE-enriched genes,RAB19
TE_top,SINE-enriched genes,RABEPK
TE_top,SINE-enriched genes,RBP7
TE_top,SINE-enriched genes,RELB
TE_top,SINE-enriched genes,RFC4
TE_top,SINE-enriched genes,RILPL1
TE_top,SINE-enriched genes,RILPL2
TE_top,SINE-enriched genes,RITA1
TE_top,SINE-enriched genes,RLN3
TE_top,SINE-enriched genes,RPA2
TE_top,SINE-enriched genes,RPAP1
TE_top,SINE-enriched genes,RPGRIP1
TE_top,SINE-enriched genes,RPL39
TE_top,SINE-enriched genes,RPS10
TE_top,SINE-enriched genes,RRP12
TE_top,SINE-enriched genes,RUVBL1
TE_top,SINE-enriched genes,SAE1
TE_top,SINE-enriched genes,SCARB1
TE_top,SINE-enriched genes,SCP2
TE_top,SINE-enriched genes,SEC11A
TE_top,SINE-enriched genes,SEPHS2
TE_top,SINE-enriched genes,SERTAD1
TE_top,SINE-enriched genes,SESN2
TE_top,SINE-enriched genes,SFI1
TE_top,SINE-enriched genes,SIRT4
TE_top,SINE-enriched genes,SLC37A3
TE_top,SINE-enriched genes,SLC39A3
TE_top,SINE-enriched genes,SLC44A2
TE_top,SINE-enriched genes,SMARCA4
TE_top,SINE-enriched genes,SMARCC1
TE_top,SINE-enriched genes,SMIM14
TE_top,SINE-enriched genes,SNF8
TE_top,SINE-enriched genes,SNRPC
TE_top,SINE-enriched genes,SNRPD2
TE_top,SINE-enriched genes,SPATA2
TE_top,SINE-enriched genes,SPPL2A
TE_top,SINE-enriched genes,SSB
TE_top,SINE-enriched genes,TAB1
TE_top,SINE-enriched genes,TAF6
TE_top,SINE-enriched genes,TALDO1
TE_top,SINE-enriched genes,TARDBP
TE_top,SINE-enriched genes,TBC1D25
TE_top,SINE-enriched genes,TCN2
TE_top,SINE-enriched genes,TIPIN
TE_top,SINE-enriched genes,TKTL1
TE_top,SINE-enriched genes,TMEM91
TE_top,SINE-enriched genes,TNS4
TE_top,SINE-enriched genes,TRIM75
TE_top,SINE-enriched genes,TRNAU1AP
TE_top,SINE-enriched genes,TRPC4AP
TE_top,SINE-enriched genes,TSACC
TE_top,SINE-enriched genes,TXNDC11
TE_top,SINE-enriched genes,UBAP1
TE_top,SINE-enriched genes,UBXN11
TE_top,SINE-enriched genes,UEVLD
TE_top,SINE-enriched genes,UHRF1
TE_top,SINE-enriched genes,VHL
TE_top,SINE-enriched genes,WDR74
TE_top,SINE-enriched genes,XPO4
TE_top,SINE-enriched genes,XPO6
TE_top,SINE-enriched genes,XRCC6
TE_top,SINE-enriched genes,YIPF1
TE_top,SINE-enriched genes,ZBTB8B
TE_top,SINE-enriched genes,ZCCHC10
TE_top,SINE-enriched genes,ZNF207
TE_top,SINE-enriched genes,ZNF709
TE_top,SINE-enriched genes,ZNF786
TE_top,SINE-enriched genes,ZSWIM3
TE_top,SINE-enriched genes,ZYG11B
TE_bottom,L1-enriched genes,ARHGEF4
TE_bottom,L1-enriched genes,BRINP3
TE_bottom,L1-enriched genes,EPHA6
TE_bottom,L1-enriched genes,GALNTL6
TE_bottom,L1-enriched genes,GRIK2
TE_bottom,L1-enriched genes,KCNB2
TE_bottom,L1-enriched genes,LRFN5
TE_bottom,L1-enriched genes,PCDH15
TE_bottom,L1-enriched genes,PRKACB
TE_bottom,L1-enriched genes,SIM1
TE_bottom,L1-enriched genes,SNTG1
TE_bottom,Low-complexity-repeat-enriched genes,ABCA2
TE_bottom,Low-complexity-repeat-enriched genes,ADGRB1
TE_bottom,Low-complexity-repeat-enriched genes,ADNP
TE_bottom,Low-complexity-repeat-enriched genes,ARID1A
TE_bottom,Low-complexity-repeat-enriched genes,ARID2
TE_bottom,Low-complexity-repeat-enriched genes,AUP1
TE_bottom,Low-complexity-repeat-enriched genes,BAHCC1
TE_bottom,Low-complexity-repeat-enriched genes,BAHD1
TE_bottom,Low-complexity-repeat-enriched genes,BAIAP2
TE_bottom,Low-complexity-repeat-enriched genes,BARHL1
TE_bottom,Low-complexity-repeat-enriched genes,BCAR1
TE_bottom,Low-complexity-repeat-enriched genes,BCL11A
TE_bottom,Low-complexity-repeat-enriched genes,BCL11B
TE_bottom,Low-complexity-repeat-enriched genes,BHLHE22
TE_bottom,Low-complexity-repeat-enriched genes,BHLHE41
TE_bottom,Low-complexity-repeat-enriched genes,BNC2
TE_bottom,Low-complexity-repeat-enriched genes,BRD2
TE_bottom,Low-complexity-repeat-enriched genes,C1QL3
TE_bottom,Low-complexity-repeat-enriched genes,CACNA2D1
TE_bottom,Low-complexity-repeat-enriched genes,CACNB3
TE_bottom,Low-complexity-repeat-enriched genes,CADM2
TE_bottom,Low-complexity-repeat-enriched genes,CAMKV
TE_bottom,Low-complexity-repeat-enriched genes,CBX2
TE_bottom,Low-complexity-repeat-enriched genes,CDK5R2
TE_bottom,Low-complexity-repeat-enriched genes,CELF2
TE_bottom,Low-complexity-repeat-enriched genes,CELF4
TE_bottom,Low-complexity-repeat-enriched genes,CTNND2
TE_bottom,Low-complexity-repeat-enriched genes,CUTA
TE_bottom,Low-complexity-repeat-enriched genes,CYP26B1
TE_bottom,Low-complexity-repeat-enriched genes,CYSRT1
TE_bottom,Low-complexity-repeat-enriched genes,DACH1
TE_bottom,Low-complexity-repeat-enriched genes,DCTN1
TE_bottom,Low-complexity-repeat-enriched genes,DLG4
TE_bottom,Low-complexity-repeat-enriched genes,DLX1
TE_bottom,Low-complexity-repeat-enriched genes,DLX5
TE_bottom,Low-complexity-repeat-enriched genes,DLX6
TE_bottom,Low-complexity-repeat-enriched genes,DMRT2
TE_bottom,Low-complexity-repeat-enriched genes,DMRT3
TE_bottom,Low-complexity-repeat-enriched genes,DMRTA2
TE_bottom,Low-complexity-repeat-enriched genes,DTX3
TE_bottom,Low-complexity-repeat-enriched genes,EBF1
TE_bottom,Low-complexity-repeat-enriched genes,EBF3
TE_bottom,Low-complexity-repeat-enriched genes,ECEL1
TE_bottom,Low-complexity-repeat-enriched genes,EFNA2
TE_bottom,Low-complexity-repeat-enriched genes,EFNA5
TE_bottom,Low-complexity-repeat-enriched genes,EFNB2
TE_bottom,Low-complexity-repeat-enriched genes,EGFL7
TE_bottom,Low-complexity-repeat-enriched genes,EN1
TE_bottom,Low-complexity-repeat-enriched genes,EN2
TE_bottom,Low-complexity-repeat-enriched genes,EOMES
TE_bottom,Low-complexity-repeat-enriched genes,EPHA6
TE_bottom,Low-complexity-repeat-enriched genes,EVX1
TE_bottom,Low-complexity-repeat-enriched genes,EVX2
TE_bottom,Low-complexity-repeat-enriched genes,FGF8
TE_bottom,Low-complexity-repeat-enriched genes,FGFRL1
TE_bottom,Low-complexity-repeat-enriched genes,FIGN
TE_bottom,Low-complexity-repeat-enriched genes,FILIP1L
TE_bottom,Low-complexity-repeat-enriched genes,FLRT2
TE_bottom,Low-complexity-repeat-enriched genes,FOXA1
TE_bottom,Low-complexity-repeat-enriched genes,FOXB2
TE_bottom,Low-complexity-repeat-enriched genes,FOXC1
TE_bottom,Low-complexity-repeat-enriched genes,FOXD3
TE_bottom,Low-complexity-repeat-enriched genes,FOXF1
TE_bottom,Low-complexity-repeat-enriched genes,FOXF2
TE_bottom,Low-complexity-repeat-enriched genes,FOXG1
TE_bottom,Low-complexity-repeat-enriched genes,FOXL2
TE_bottom,Low-complexity-repeat-enriched genes,FOXP1
TE_bottom,Low-complexity-repeat-enriched genes,FOXP2
TE_bottom,Low-complexity-repeat-enriched genes,FOXQ1
TE_bottom,Low-complexity-repeat-enriched genes,GAS2
TE_bottom,Low-complexity-repeat-enriched genes,GATA6
TE_bottom,Low-complexity-repeat-enriched genes,GNAS
TE_bottom,Low-complexity-repeat-enriched genes,GPR85
TE_bottom,Low-complexity-repeat-enriched genes,GSX2
TE_bottom,Low-complexity-repeat-enriched genes,HAND2
TE_bottom,Low-complexity-repeat-enriched genes,HOXA1
TE_bottom,Low-complexity-repeat-enriched genes,HOXA10
TE_bottom,Low-complexity-repeat-enriched genes,HOXA11
TE_bottom,Low-complexity-repeat-enriched genes,HOXA13
TE_bottom,Low-complexity-repeat-enriched genes,HOXA3
TE_bottom,Low-complexity-repeat-enriched genes,HOXB3
TE_bottom,Low-complexity-repeat-enriched genes,HOXB4
TE_bottom,Low-complexity-repeat-enriched genes,HOXB6
TE_bottom,Low-complexity-repeat-enriched genes,HOXB7
TE_bottom,Low-complexity-repeat-enriched genes,HOXB8
TE_bottom,Low-complexity-repeat-enriched genes,HOXB9
TE_bottom,Low-complexity-repeat-enriched genes,HOXC13
TE_bottom,Low-complexity-repeat-enriched genes,HOXC8
TE_bottom,Low-complexity-repeat-enriched genes,HOXD4
TE_bottom,Low-complexity-repeat-enriched genes,HOXD8
TE_bottom,Low-complexity-repeat-enriched genes,HOXD9
TE_bottom,Low-complexity-repeat-enriched genes,IKZF2
TE_bottom,Low-complexity-repeat-enriched genes,INHBB
TE_bottom,Low-complexity-repeat-enriched genes,INSM1
TE_bottom,Low-complexity-repeat-enriched genes,IRX1
TE_bottom,Low-complexity-repeat-enriched genes,IRX3
TE_bottom,Low-complexity-repeat-enriched genes,IRX4
TE_bottom,Low-complexity-repeat-enriched genes,IRX5
TE_bottom,Low-complexity-repeat-enriched genes,JMJD8
TE_bottom,Low-complexity-repeat-enriched genes,KCNJ15
TE_bottom,Low-complexity-repeat-enriched genes,KCTD15
TE_bottom,Low-complexity-repeat-enriched genes,KDM6B
TE_bottom,Low-complexity-repeat-enriched genes,KLF7
TE_bottom,Low-complexity-repeat-enriched genes,KLHL17
TE_bottom,Low-complexity-repeat-enriched genes,KMT2B
TE_bottom,Low-complexity-repeat-enriched genes,KMT2E
TE_bottom,Low-complexity-repeat-enriched genes,LEF1
TE_bottom,Low-complexity-repeat-enriched genes,LHX2
TE_bottom,Low-complexity-repeat-enriched genes,LHX9
TE_bottom,Low-complexity-repeat-enriched genes,LIMD2
TE_bottom,Low-complexity-repeat-enriched genes,LKAAEAR1
TE_bottom,Low-complexity-repeat-enriched genes,LMO4
TE_bottom,Low-complexity-repeat-enriched genes,LMX1B
TE_bottom,Low-complexity-repeat-enriched genes,LRRC26
TE_bottom,Low-complexity-repeat-enriched genes,MAF
TE_bottom,Low-complexity-repeat-enriched genes,MAFA
TE_bottom,Low-complexity-repeat-enriched genes,MAFG
TE_bottom,Low-complexity-repeat-enriched genes,MARCKS
TE_bottom,Low-complexity-repeat-enriched genes,MAZ
TE_bottom,Low-complexity-repeat-enriched genes,MEF2C
TE_bottom,Low-complexity-repeat-enriched genes,MEIS2
TE_bottom,Low-complexity-repeat-enriched genes,MEOX2
TE_bottom,Low-complexity-repeat-enriched genes,MGAT4B
TE_bottom,Low-complexity-repeat-enriched genes,MYT1
TE_bottom,Low-complexity-repeat-enriched genes,NBEA
TE_bottom,Low-complexity-repeat-enriched genes,NEFM
TE_bottom,Low-complexity-repeat-enriched genes,NETO1
TE_bottom,Low-complexity-repeat-enriched genes,NEUROD1
TE_bottom,Low-complexity-repeat-enriched genes,NFATC1
TE_bottom,Low-complexity-repeat-enriched genes,NFIA
TE_bottom,Low-complexity-repeat-enriched genes,NFIB
TE_bottom,Low-complexity-repeat-enriched genes,NFIX
TE_bottom,Low-complexity-repeat-enriched genes,NKD2
TE_bottom,Low-complexity-repeat-enriched genes,NKX1-1
TE_bottom,Low-complexity-repeat-enriched genes,NKX2-4
TE_bottom,Low-complexity-repeat-enriched genes,NKX6-1
TE_bottom,Low-complexity-repeat-enriched genes,NR2F1
TE_bottom,Low-complexity-repeat-enriched genes,NR2F2
TE_bottom,Low-complexity-repeat-enriched genes,NR4A2
TE_bottom,Low-complexity-repeat-enriched genes,NRXN2
TE_bottom,Low-complexity-repeat-enriched genes,NXPH4
TE_bottom,Low-complexity-repeat-enriched genes,OLIG3
TE_bottom,Low-complexity-repeat-enriched genes,ONECUT1
TE_bottom,Low-complexity-repeat-enriched genes,ONECUT2
TE_bottom,Low-complexity-repeat-enriched genes,OTP
TE_bottom,Low-complexity-repeat-enriched genes,OTX1
TE_bottom,Low-complexity-repeat-enriched genes,PAX1
TE_bottom,Low-complexity-repeat-enriched genes,PAX2
TE_bottom,Low-complexity-repeat-enriched genes,PAX6
TE_bottom,Low-complexity-repeat-enriched genes,PAX7
TE_bottom,Low-complexity-repeat-enriched genes,PCDH10
TE_bottom,Low-complexity-repeat-enriched genes,PCDH7
TE_bottom,Low-complexity-repeat-enriched genes,PHF23
TE_bottom,Low-complexity-repeat-enriched genes,PITX1
TE_bottom,Low-complexity-repeat-enriched genes,PITX2
TE_bottom,Low-complexity-repeat-enriched genes,PLCH2
TE_bottom,Low-complexity-repeat-enriched genes,POU3F2
TE_bottom,Low-complexity-repeat-enriched genes,POU3F3
TE_bottom,Low-complexity-repeat-enriched genes,POU4F2
TE_bottom,Low-complexity-repeat-enriched genes,PRDM6
TE_bottom,Low-complexity-repeat-enriched genes,PRDM8
TE_bottom,Low-complexity-repeat-enriched genes,PROX1
TE_bottom,Low-complexity-repeat-enriched genes,PRRT2
TE_bottom,Low-complexity-repeat-enriched genes,PURA
TE_bottom,Low-complexity-repeat-enriched genes,PWWP2B
TE_bottom,Low-complexity-repeat-enriched genes,RAC3
TE_bottom,Low-complexity-repeat-enriched genes,RGS12
TE_bottom,Low-complexity-repeat-enriched genes,RHBDL1
TE_bottom,Low-complexity-repeat-enriched genes,RHOU
TE_bottom,Low-complexity-repeat-enriched genes,RNF208
TE_bottom,Low-complexity-repeat-enriched genes,RNPEPL1
TE_bottom,Low-complexity-repeat-enriched genes,RORA
TE_bottom,Low-complexity-repeat-enriched genes,RSRC1
TE_bottom,Low-complexity-repeat-enriched genes,RUNX2
TE_bottom,Low-complexity-repeat-enriched genes,RXRA
TE_bottom,Low-complexity-repeat-enriched genes,SALL1
TE_bottom,Low-complexity-repeat-enriched genes,SALL3
TE_bottom,Low-complexity-repeat-enriched genes,SATB1
TE_bottom,Low-complexity-repeat-enriched genes,SEMA3F
TE_bottom,Low-complexity-repeat-enriched genes,SERTAD4
TE_bottom,Low-complexity-repeat-enriched genes,SETD1B
TE_bottom,Low-complexity-repeat-enriched genes,SHOX2
TE_bottom,Low-complexity-repeat-enriched genes,SIX2
TE_bottom,Low-complexity-repeat-enriched genes,SIX3
TE_bottom,Low-complexity-repeat-enriched genes,SKIDA1
TE_bottom,Low-complexity-repeat-enriched genes,SKOR1
TE_bottom,Low-complexity-repeat-enriched genes,SLC25A22
TE_bottom,Low-complexity-repeat-enriched genes,SLC4A2
TE_bottom,Low-complexity-repeat-enriched genes,SLC6A8
TE_bottom,Low-complexity-repeat-enriched genes,SLITRK5
TE_bottom,Low-complexity-repeat-enriched genes,SMARCA2
TE_bottom,Low-complexity-repeat-enriched genes,SOX1
TE_bottom,Low-complexity-repeat-enriched genes,SOX11
TE_bottom,Low-complexity-repeat-enriched genes,SOX2
TE_bottom,Low-complexity-repeat-enriched genes,SOX21
TE_bottom,Low-complexity-repeat-enriched genes,SOX4
TE_bottom,Low-complexity-repeat-enriched genes,SOX8
TE_bottom,Low-complexity-repeat-enriched genes,SP8
TE_bottom,Low-complexity-repeat-enriched genes,SPOCK3
TE_bottom,Low-complexity-repeat-enriched genes,SPRY1
TE_bottom,Low-complexity-repeat-enriched genes,SPRY2
TE_bottom,Low-complexity-repeat-enriched genes,SSBP2
TE_bottom,Low-complexity-repeat-enriched genes,ST18
TE_bottom,Low-complexity-repeat-enriched genes,STK32C
TE_bottom,Low-complexity-repeat-enriched genes,SYNGAP1
TE_bottom,Low-complexity-repeat-enriched genes,TBR1
TE_bottom,Low-complexity-repeat-enriched genes,TBX1
TE_bottom,Low-complexity-repeat-enriched genes,TBX18
TE_bottom,Low-complexity-repeat-enriched genes,TBX2
TE_bottom,Low-complexity-repeat-enriched genes,TBX4
TE_bottom,Low-complexity-repeat-enriched genes,TCERG1L
TE_bottom,Low-complexity-repeat-enriched genes,TCF7L2
TE_bottom,Low-complexity-repeat-enriched genes,TENM3
TE_bottom,Low-complexity-repeat-enriched genes,TFAP2B
TE_bottom,Low-complexity-repeat-enriched genes,TFAP2C
TE_bottom,Low-complexity-repeat-enriched genes,TIGD5
TE_bottom,Low-complexity-repeat-enriched genes,TSHZ1
TE_bottom,Low-complexity-repeat-enriched genes,TSHZ3
TE_bottom,Low-complexity-repeat-enriched genes,TSPAN32
TE_bottom,Low-complexity-repeat-enriched genes,TTLL10
TE_bottom,Low-complexity-repeat-enriched genes,TWIST1
TE_bottom,Low-complexity-repeat-enriched genes,UNCX
TE_bottom,Low-complexity-repeat-enriched genes,WNT3
TE_bottom,Low-complexity-repeat-enriched genes,ZBTB18
TE_bottom,Low-complexity-repeat-enriched genes,ZBTB39
TE_bottom,Low-complexity-repeat-enriched genes,ZEB2
TE_bottom,Low-complexity-repeat-enriched genes,ZFHX3
TE_bottom,Low-complexity-repeat-enriched genes,ZFP36L2
TE_bottom,Low-complexity-repeat-enriched genes,ZFPM2
TE_bottom,Low-complexity-repeat-enriched genes,ZIC1
TE_bottom,Low-complexity-repeat-enriched genes,ZIC2
TE_bottom,Low-complexity-repeat-enriched genes,ZIC3
TE_bottom,Low-complexity-repeat-enriched genes,ZIC4
TE_bottom,Low-complexity-repeat-enriched genes,ZNF423
TE_bottom,Low-complexity-repeat-enriched genes,ZNF462
TE_bottom,SINE-enriched genes,ACADVL
TE_bottom,SINE-enriched genes,AGER
TE_bottom,SINE-enriched genes,CAMKV
TE_bottom,SINE-enriched genes,CBX3
TE_bottom,SINE-enriched genes,DCTN1
TE_bottom,SINE-enriched genes,DDX51
TE_bottom,SINE-enriched genes,DLG4
TE_bottom,SINE-enriched genes,FASN
TE_bottom,SINE-enriched genes,FREM2
TE_bottom,SINE-enriched genes,GNAT1
TE_bottom,SINE-enriched genes,GUK1
TE_bottom,SINE-enriched genes,IRF7
TE_bottom,SINE-enriched genes,KIFC2
TE_bottom,SINE-enriched genes,LHX2
TE_bottom,SINE-enriched genes,LRRC24
TE_bottom,SINE-enriched genes,MPDU1
TE_bottom,SINE-enriched genes,PHLDB1
TE_bottom,SINE-enriched genes,RGS12
TE_bottom,SINE-enriched genes,SETD1B
TE_bottom,SINE-enriched genes,SKOR2
TE_bottom,SINE-enriched genes,SNAPC4
TE_bottom,SINE-enriched genes,TFAP2C
TE_bottom,SINE-enriched genes,TRIM28
TE_bottom,SINE-enriched genes,VWA1
TE_bottom,SINE-enriched genes,ZBTB45
L1 (family),L1-enriched genes,AFM
L1 (family),L1-enriched genes,AGTR1
L1 (family),L1-enriched genes,CASP8
L1 (family),L1-enriched genes,CATSPERB
L1 (family),L1-enriched genes,CCDC150
L1 (family),L1-enriched genes,CCDC7
L1 (family),L1-enriched genes,CD226
L1 (family),L1-enriched genes,CD86
L1 (family),L1-enriched genes,CEP112
L1 (family),L1-enriched genes,CHIA
L1 (family),L1-enriched genes,CLDN34
L1 (family),L1-enriched genes,CLEC2D
L1 (family),L1-enriched genes,CLEC4D
L1 (family),L1-enriched genes,CNTN6
L1 (family),L1-enriched genes,CWH43
L1 (family),L1-enriched genes,CYP2J2
L1 (family),L1-enriched genes,DDX4
L1 (family),L1-enriched genes,GBP6
L1 (family),L1-enriched genes,LRRCC1
L1 (family),L1-enriched genes,MAGEA10
L1 (family),L1-enriched genes,MCF2
L1 (family),L1-enriched genes,MIB1
L1 (family),L1-enriched genes,MS4A8
L1 (family),L1-enriched genes,NLRP4
L1 (family),L1-enriched genes,NLRP9
L1 (family),L1-enriched genes,OOSP1
L1 (family),L1-enriched genes,OOSP2
L1 (family),L1-enriched genes,OXCT1
L1 (family),L1-enriched genes,PDCD6IP
L1 (family),L1-enriched genes,PEX13
L1 (family),L1-enriched genes,POLK
L1 (family),L1-enriched genes,RNF13
L1 (family),L1-enriched genes,SCAPER
L1 (family),L1-enriched genes,SCN7A
L1 (family),L1-enriched genes,SLCO6A1
L1 (family),L1-enriched genes,SPATA16
L1 (family),L1-enriched genes,SPIN4
L1 (family),L1-enriched genes,TAAR8
L1 (family),L1-enriched genes,TAS2R10
L1 (family),L1-enriched genes,TAS2R14
L1 (family),L1-enriched genes,TEX28
L1 (family),L1-enriched genes,TEX9
L1 (family),L1-enriched genes,TMEM140
L1 (family),L1-enriched genes,VN1R5
L1 (family),L1-enriched genes,VOPP1
L1 (family),L1-enriched genes,WDR3
L1 (family),L1-enriched genes,WDR7
L1 (family),L1-enriched genes,ZNF780A
L1 (family),L1-enriched genes,ZSCAN18
L1 (family),Low-complexity-repeat-enriched genes,ADAP1
L1 (family),Low-complexity-repeat-enriched genes,ANKRD6
L1 (family),Low-complexity-repeat-enriched genes,ANP32B
L1 (family),Low-complexity-repeat-enriched genes,ATRX
L1 (family),Low-complexity-repeat-enriched genes,C1orf198
L1 (family),Low-complexity-repeat-enriched genes,C2CD4B
L1 (family),Low-complexity-repeat-enriched genes,CAMKK2
L1 (family),Low-complexity-repeat-enriched genes,CCDC170
L1 (family),Low-complexity-repeat-enriched genes,CENPV
L1 (family),Low-complexity-repeat-enriched genes,CLDN34
L1 (family),Low-complexity-repeat-enriched genes,CRH
L1 (family),Low-complexity-repeat-enriched genes,CUL4B
L1 (family),Low-complexity-repeat-enriched genes,DRAP1
L1 (family),Low-complexity-repeat-enriched genes,DTNB
L1 (family),Low-complexity-repeat-enriched genes,ECM2
L1 (family),Low-complexity-repeat-enriched genes,ESR1
L1 (family),Low-complexity-repeat-enriched genes,FAM107B
L1 (family),Low-complexity-repeat-enriched genes,FBXO11
L1 (family),Low-complexity-repeat-enriched genes,GPM6B
L1 (family),Low-complexity-repeat-enriched genes,GSN
L1 (family),Low-complexity-repeat-enriched genes,HSDL1
L1 (family),Low-complexity-repeat-enriched genes,ICA1L
L1 (family),Low-complexity-repeat-enriched genes,IL3RA
L1 (family),Low-complexity-repeat-enriched genes,IL9R
L1 (family),Low-complexity-repeat-enriched genes,KRTAP20-2
L1 (family),Low-complexity-repeat-enriched genes,MAP7D2
L1 (family),Low-complexity-repeat-enriched genes,NAA20
L1 (family),Low-complexity-repeat-enriched genes,NCOR1
L1 (family),Low-complexity-repeat-enriched genes,NPM1
L1 (family),Low-complexity-repeat-enriched genes,PLAGL1
L1 (family),Low-complexity-repeat-enriched genes,PRKAA1
L1 (family),Low-complexity-repeat-enriched genes,PRSS46P
L1 (family),Low-complexity-repeat-enriched genes,PTBP2
L1 (family),Low-complexity-repeat-enriched genes,PTBP3
L1 (family),Low-complexity-repeat-enriched genes,RAD21
L1 (family),Low-complexity-repeat-enriched genes,RALGAPA1
L1 (family),Low-complexity-repeat-enriched genes,RBM19
L1 (family),Low-complexity-repeat-enriched genes,RBMXL2
L1 (family),Low-complexity-repeat-enriched genes,RGS12
L1 (family),Low-complexity-repeat-enriched genes,SH3GLB1
L1 (family),Low-complexity-repeat-enriched genes,SLC4A5
L1 (family),Low-complexity-repeat-enriched genes,SLK
L1 (family),Low-complexity-repeat-enriched genes,SPECC1
L1 (family),Low-complexity-repeat-enriched genes,TAB2
L1 (family),Low-complexity-repeat-enriched genes,TCEAL5
L1 (family),Low-complexity-repeat-enriched genes,TMEM132B
L1 (family),Low-complexity-repeat-enriched genes,TSPAN33
L1 (family),Low-complexity-repeat-enriched genes,ZBTB7C
L1 (family),SINE-enriched genes,AGBL2
L1 (family),SINE-enriched genes,ALDH3B2
L1 (family),SINE-enriched genes,ATRX
L1 (family),SINE-enriched genes,BECN1
L1 (family),SINE-enriched genes,CBFA2T2
L1 (family),SINE-enriched genes,CD274
L1 (family),SINE-enriched genes,CFAP70
L1 (family),SINE-enriched genes,COX7B
L1 (family),SINE-enriched genes,CSAD
L1 (family),SINE-enriched genes,DTNB
L1 (family),SINE-enriched genes,DZANK1
L1 (family),SINE-enriched genes,EP400
L1 (family),SINE-enriched genes,EVI5
L1 (family),SINE-enriched genes,GINS2
L1 (family),SINE-enriched genes,GLE1
L1 (family),SINE-enriched genes,GMNN
L1 (family),SINE-enriched genes,KLB
L1 (family),SINE-enriched genes,KLHL9
L1 (family),SINE-enriched genes,LRCOL1
L1 (family),SINE-enriched genes,MAS1
L1 (family),SINE-enriched genes,MPC1
L1 (family),SINE-enriched genes,MVD
L1 (family),SINE-enriched genes,NDUFA12
L1 (family),SINE-enriched genes,NONO
L1 (family),SINE-enriched genes,NPM1
L1 (family),SINE-enriched genes,PARP16
L1 (family),SINE-enriched genes,PDCD6IP
L1 (family),SINE-enriched genes,PPFIA1
L1 (family),SINE-enriched genes,PPP2R5C
L1 (family),SINE-enriched genes,PRSS45P
L1 (family),SINE-enriched genes,PSPH
L1 (family),SINE-enriched genes,RGS12
L1 (family),SINE-enriched genes,RILPL2
L1 (family),SINE-enriched genes,RPL36A
L1 (family),SINE-enriched genes,SCARB1
L1 (family),SINE-enriched genes,SCP2
L1 (family),SINE-enriched genes,SENP5
L1 (family),SINE-enriched genes,TALDO1
L1 (family),SINE-enriched genes,TBC1D14
L1 (family),SINE-enriched genes,TIPIN
L1 (family),SINE-enriched genes,TKTL1
L1 (family),SINE-enriched genes,TMEM170A
L1 (family),SINE-enriched genes,TNFRSF13B
L1 (family),SINE-enriched genes,UNC13B
L1 (family),SINE-enriched genes,USP29
L1 (family),SINE-enriched genes,WIF1
L1 (family),SINE-enriched genes,WTAP
L1 (family),SINE-enriched genes,ZNF709
Alu (family),L1-enriched genes,ANKRD26
Alu (family),L1-enriched genes,ARMC1
Alu (family),L1-enriched genes,CLEC4C
Alu (family),L1-enriched genes,CLN3
Alu (family),L1-enriched genes,DNM1L
Alu (family),L1-enriched genes,GP6
Alu (family),L1-enriched genes,MUC16
Alu (family),L1-enriched genes,NKAP
Alu (family),L1-enriched genes,NLRP9
Alu (family),L1-enriched genes,PEBP1
Alu (family),L1-enriched genes,TEX28
Alu (family),L1-enriched genes,ZNF611
Alu (family),Low-complexity-repeat-enriched genes,ABCC4
Alu (family),Low-complexity-repeat-enriched genes,AGO1
Alu (family),Low-complexity-repeat-enriched genes,ALYREF
Alu (family),Low-complexity-repeat-enriched genes,ARIH2
Alu (family),Low-complexity-repeat-enriched genes,ASMT
Alu (family),Low-complexity-repeat-enriched genes,ASPSCR1
Alu (family),Low-complexity-repeat-enriched genes,BRD4
Alu (family),Low-complexity-repeat-enriched genes,CANX
Alu (family),Low-complexity-repeat-enriched genes,CARM1
Alu (family),Low-complexity-repeat-enriched genes,CCNY
Alu (family),Low-complexity-repeat-enriched genes,CCT4
Alu (family),Low-complexity-repeat-enriched genes,CECR2
Alu (family),Low-complexity-repeat-enriched genes,CELF1
Alu (family),Low-complexity-repeat-enriched genes,CHERP
Alu (family),Low-complexity-repeat-enriched genes,CMTM4
Alu (family),Low-complexity-repeat-enriched genes,CNOT6
Alu (family),Low-complexity-repeat-enriched genes,CRLF2
Alu (family),Low-complexity-repeat-enriched genes,CYTH1
Alu (family),Low-complexity-repeat-enriched genes,DCAF15
Alu (family),Low-complexity-repeat-enriched genes,DMWD
Alu (family),Low-complexity-repeat-enriched genes,DOT1L
Alu (family),Low-complexity-repeat-enriched genes,EIF3J
Alu (family),Low-complexity-repeat-enriched genes,ELAVL1
Alu (family),Low-complexity-repeat-enriched genes,ELL
Alu (family),Low-complexity-repeat-enriched genes,EPCAM
Alu (family),Low-complexity-repeat-enriched genes,FAF2
Alu (family),Low-complexity-repeat-enriched genes,FAM168B
Alu (family),Low-complexity-repeat-enriched genes,FAM193A
Alu (family),Low-complexity-repeat-enriched genes,FAM76A
Alu (family),Low-complexity-repeat-enriched genes,FBXO31
Alu (family),Low-complexity-repeat-enriched genes,FOXM1
Alu (family),Low-complexity-repeat-enriched genes,GMEB1
Alu (family),Low-complexity-repeat-enriched genes,GTF2I
Alu (family),Low-complexity-repeat-enriched genes,HDAC1
Alu (family),Low-complexity-repeat-enriched genes,HP1BP3
Alu (family),Low-complexity-repeat-enriched genes,IL27
Alu (family),Low-complexity-repeat-enriched genes,IL3RA
Alu (family),Low-complexity-repeat-enriched genes,ING5
Alu (family),Low-complexity-repeat-enriched genes,ITGAL
Alu (family),Low-complexity-repeat-enriched genes,MBD3
Alu (family),Low-complexity-repeat-enriched genes,MGRN1
Alu (family),Low-complexity-repeat-enriched genes,NMRK2
Alu (family),Low-complexity-repeat-enriched genes,NT5C2
Alu (family),Low-complexity-repeat-enriched genes,PACS2
Alu (family),Low-complexity-repeat-enriched genes,PCBD2
Alu (family),Low-complexity-repeat-enriched genes,PLEKHG5
Alu (family),Low-complexity-repeat-enriched genes,PPP1R14A
Alu (family),Low-complexity-repeat-enriched genes,PPP6C
Alu (family),Low-complexity-repeat-enriched genes,PRRC2B
Alu (family),Low-complexity-repeat-enriched genes,RABGEF1
Alu (family),Low-complexity-repeat-enriched genes,RBM39
Alu (family),Low-complexity-repeat-enriched genes,RFX1
Alu (family),Low-complexity-repeat-enriched genes,RIMKLB
Alu (family),Low-complexity-repeat-enriched genes,RPA1
Alu (family),Low-complexity-repeat-enriched genes,RTF1
Alu (family),Low-complexity-repeat-enriched genes,SMIM22
Alu (family),Low-complexity-repeat-enriched genes,SPAST
Alu (family),Low-complexity-repeat-enriched genes,TPCN1
Alu (family),Low-complexity-repeat-enriched genes,TRA2A
Alu (family),Low-complexity-repeat-enriched genes,TRAPPC9
Alu (family),Low-complexity-repeat-enriched genes,UBXN7
Alu (family),Low-complexity-repeat-enriched genes,USP34
Alu (family),Low-complexity-repeat-enriched genes,USP42
Alu (family),Low-complexity-repeat-enriched genes,VSIG10
Alu (family),Low-complexity-repeat-enriched genes,ZNF653
Alu (family),Low-complexity-repeat-enriched genes,ZNF771
Alu (family),Low-complexity-repeat-enriched genes,ZNF853
Alu (family),SINE-enriched genes,ABHD16A
Alu (family),SINE-enriched genes,ADSL
Alu (family),SINE-enriched genes,ANAPC11
Alu (family),SINE-enriched genes,ANAPC5
Alu (family),SINE-enriched genes,ANAPC7
Alu (family),SINE-enriched genes,AP3D1
Alu (family),SINE-enriched genes,APOC2
Alu (family),SINE-enriched genes,APOC4
Alu (family),SINE-enriched genes,ASB16
Alu (family),SINE-enriched genes,ATP1B2
Alu (family),SINE-enriched genes,BAX
Alu (family),SINE-enriched genes,BBS4
Alu (family),SINE-enriched genes,BLVRB
Alu (family),SINE-enriched genes,C17orf75
Alu (family),SINE-enriched genes,C19orf44
Alu (family),SINE-enriched genes,C19orf53
Alu (family),SINE-enriched genes,C22orf23
Alu (family),SINE-enriched genes,CALR3
Alu (family),SINE-enriched genes,CAMLG
Alu (family),SINE-enriched genes,CASC3
Alu (family),SINE-enriched genes,CASP8AP2
Alu (family),SINE-enriched genes,CATSPERG
Alu (family),SINE-enriched genes,CBFA2T2
Alu (family),SINE-enriched genes,CBX1
Alu (family),SINE-enriched genes,CBY3
Alu (family),SINE-enriched genes,CCAR1
Alu (family),SINE-enriched genes,CDK12
Alu (family),SINE-enriched genes,CELF1
Alu (family),SINE-enriched genes,CENPH
Alu (family),SINE-enriched genes,CEP164
Alu (family),SINE-enriched genes,CFAP74
Alu (family),SINE-enriched genes,CLASRP
Alu (family),SINE-enriched genes,CLIP1
Alu (family),SINE-enriched genes,CNPY4
Alu (family),SINE-enriched genes,COMMD7
Alu (family),SINE-enriched genes,COPZ1
Alu (family),SINE-enriched genes,COX5A
Alu (family),SINE-enriched genes,COX6A1
Alu (family),SINE-enriched genes,COX8A
Alu (family),SINE-enriched genes,CRCP
Alu (family),SINE-enriched genes,CRK
Alu (family),SINE-enriched genes,CRLF3
Alu (family),SINE-enriched genes,CSE1L
Alu (family),SINE-enriched genes,CTC1
Alu (family),SINE-enriched genes,CTDSPL2
Alu (family),SINE-enriched genes,CWC25
Alu (family),SINE-enriched genes,DAG1
Alu (family),SINE-enriched genes,DAND5
Alu (family),SINE-enriched genes,DDHD2
Alu (family),SINE-enriched genes,DDX19A
Alu (family),SINE-enriched genes,DDX46
Alu (family),SINE-enriched genes,DHX30
Alu (family),SINE-enriched genes,DNA2
Alu (family),SINE-enriched genes,DNAJA3
Alu (family),SINE-enriched genes,DNASE1L1
Alu (family),SINE-enriched genes,DNM2
Alu (family),SINE-enriched genes,DPF2
Alu (family),SINE-enriched genes,DPPA2
Alu (family),SINE-enriched genes,DPPA3
Alu (family),SINE-enriched genes,DPPA4
Alu (family),SINE-enriched genes,DPY30
Alu (family),SINE-enriched genes,DRG2
Alu (family),SINE-enriched genes,EIF3B
Alu (family),SINE-enriched genes,ELOF1
Alu (family),SINE-enriched genes,EMC3
Alu (family),SINE-enriched genes,ENTPD5
Alu (family),SINE-enriched genes,EP400
Alu (family),SINE-enriched genes,EPOR
Alu (family),SINE-enriched genes,ERAL1
Alu (family),SINE-enriched genes,ERCC2
Alu (family),SINE-enriched genes,EXOC7
Alu (family),SINE-enriched genes,FAM222B
Alu (family),SINE-enriched genes,FAM76A
Alu (family),SINE-enriched genes,FBXO46
Alu (family),SINE-enriched genes,FBXO47
Alu (family),SINE-enriched genes,FCGRT
Alu (family),SINE-enriched genes,FLAD1
Alu (family),SINE-enriched genes,FLYWCH1
Alu (family),SINE-enriched genes,FLYWCH2
Alu (family),SINE-enriched genes,FNBP4
Alu (family),SINE-enriched genes,FOLR1
Alu (family),SINE-enriched genes,GANAB
Alu (family),SINE-enriched genes,GAPVD1
Alu (family),SINE-enriched genes,GCDH
Alu (family),SINE-enriched genes,GEMIN6
Alu (family),SINE-enriched genes,GINS2
Alu (family),SINE-enriched genes,GJC1
Alu (family),SINE-enriched genes,GMEB1
Alu (family),SINE-enriched genes,GMFG
Alu (family),SINE-enriched genes,GPATCH3
Alu (family),SINE-enriched genes,GTF2F1
Alu (family),SINE-enriched genes,HEXIM2
Alu (family),SINE-enriched genes,HIP1
Alu (family),SINE-enriched genes,HMGCL
Alu (family),SINE-enriched genes,HNRNPF
Alu (family),SINE-enriched genes,HORMAD1
Alu (family),SINE-enriched genes,ICAM1
Alu (family),SINE-enriched genes,IFI35
Alu (family),SINE-enriched genes,INSL3
Alu (family),SINE-enriched genes,INTS5
Alu (family),SINE-enriched genes,IP6K1
Alu (family),SINE-enriched genes,IPO7
Alu (family),SINE-enriched genes,KAT8
Alu (family),SINE-enriched genes,KDELR2
Alu (family),SINE-enriched genes,KEAP1
Alu (family),SINE-enriched genes,KHDC3L
Alu (family),SINE-enriched genes,KIF1B
Alu (family),SINE-enriched genes,KIF2C
Alu (family),SINE-enriched genes,KPNA2
Alu (family),SINE-enriched genes,KXD1
Alu (family),SINE-enriched genes,LEO1
Alu (family),SINE-enriched genes,LUC7L
Alu (family),SINE-enriched genes,MAD2L1BP
Alu (family),SINE-enriched genes,MAP4
Alu (family),SINE-enriched genes,MCAT
Alu (family),SINE-enriched genes,MDN1
Alu (family),SINE-enriched genes,MED1
Alu (family),SINE-enriched genes,MED18
Alu (family),SINE-enriched genes,MEIOB
Alu (family),SINE-enriched genes,METTL23
Alu (family),SINE-enriched genes,MORF4L1
Alu (family),SINE-enriched genes,MORN3
Alu (family),SINE-enriched genes,MRPL4
Alu (family),SINE-enriched genes,MRPL52
Alu (family),SINE-enriched genes,MRPS21
Alu (family),SINE-enriched genes,MYADML2
Alu (family),SINE-enriched genes,MYDGF
Alu (family),SINE-enriched genes,NANOS2
Alu (family),SINE-enriched genes,NASP
Alu (family),SINE-enriched genes,NDUFA3
Alu (family),SINE-enriched genes,NDUFS5
Alu (family),SINE-enriched genes,NDUFV3
Alu (family),SINE-enriched genes,NICN1
Alu (family),SINE-enriched genes,NLRP12
Alu (family),SINE-enriched genes,NME1
Alu (family),SINE-enriched genes,NOB1
Alu (family),SINE-enriched genes,NOL9
Alu (family),SINE-enriched genes,NOP58
Alu (family),SINE-enriched genes,NPAS1
Alu (family),SINE-enriched genes,NPLOC4
Alu (family),SINE-enriched genes,NQO1
Alu (family),SINE-enriched genes,NRBP1
Alu (family),SINE-enriched genes,NUP85
Alu (family),SINE-enriched genes,NXNL1
Alu (family),SINE-enriched genes,PAFAH1B3
Alu (family),SINE-enriched genes,PBX4
Alu (family),SINE-enriched genes,PDE6G
Alu (family),SINE-enriched genes,PDP2
Alu (family),SINE-enriched genes,PDPR
Alu (family),SINE-enriched genes,PEBP1
Alu (family),SINE-enriched genes,PFAS
Alu (family),SINE-enriched genes,PHACTR4
Alu (family),SINE-enriched genes,PIF1
Alu (family),SINE-enriched genes,PIP5K1A
Alu (family),SINE-enriched genes,PISD
Alu (family),SINE-enriched genes,PKD1
Alu (family),SINE-enriched genes,PLA2G1B
Alu (family),SINE-enriched genes,PLEKHA4
Alu (family),SINE-enriched genes,PLVAP
Alu (family),SINE-enriched genes,PMM1
Alu (family),SINE-enriched genes,POLR2G
Alu (family),SINE-enriched genes,PPIL2
Alu (family),SINE-enriched genes,PRPF3
Alu (family),SINE-enriched genes,PRR19
Alu (family),SINE-enriched genes,PRRG2
Alu (family),SINE-enriched genes,PSKH1
Alu (family),SINE-enriched genes,PSMA6
Alu (family),SINE-enriched genes,PSMB5
Alu (family),SINE-enriched genes,PSMD4
Alu (family),SINE-enriched genes,PSPH
Alu (family),SINE-enriched genes,PTGES3
Alu (family),SINE-enriched genes,PTGES3L
Alu (family),SINE-enriched genes,PTPN11
Alu (family),SINE-enriched genes,PUM1
Alu (family),SINE-enriched genes,PWWP2A
Alu (family),SINE-enriched genes,R3HDM4
Alu (family),SINE-enriched genes,RAB10
Alu (family),SINE-enriched genes,RAB19
Alu (family),SINE-enriched genes,RABEPK
Alu (family),SINE-enriched genes,RBBP4
Alu (family),SINE-enriched genes,RBP7
Alu (family),SINE-enriched genes,REC8
Alu (family),SINE-enriched genes,RELB
Alu (family),SINE-enriched genes,RHNO1
Alu (family),SINE-enriched genes,RHOT1
Alu (family),SINE-enriched genes,RILPL1
Alu (family),SINE-enriched genes,RILPL2
Alu (family),SINE-enriched genes,RLN3
Alu (family),SINE-enriched genes,RMDN3
Alu (family),SINE-enriched genes,RNASEH2A
Alu (family),SINE-enriched genes,RNPEP
Alu (family),SINE-enriched genes,RPA2
Alu (family),SINE-enriched genes,RPAP1
Alu (family),SINE-enriched genes,RPGRIP1
Alu (family),SINE-enriched genes,RPS10
Alu (family),SINE-enriched genes,RPS13
Alu (family),SINE-enriched genes,RPS27
Alu (family),SINE-enriched genes,RPS8
Alu (family),SINE-enriched genes,RRP12
Alu (family),SINE-enriched genes,RUNDC1
Alu (family),SINE-enriched genes,SAE1
Alu (family),SINE-enriched genes,SAT2
Alu (family),SINE-enriched genes,SBNO1
Alu (family),SINE-enriched genes,SCAMP4
Alu (family),SINE-enriched genes,SCP2
Alu (family),SINE-enriched genes,SEC24A
Alu (family),SINE-enriched genes,SEPHS2
Alu (family),SINE-enriched genes,SERTAD1
Alu (family),SINE-enriched genes,SFI1
Alu (family),SINE-enriched genes,SIRT4
Alu (family),SINE-enriched genes,SLC37A3
Alu (family),SINE-enriched genes,SLC44A2
Alu (family),SINE-enriched genes,SMARCA4
Alu (family),SINE-enriched genes,SMARCC1
Alu (family),SINE-enriched genes,SMG8
Alu (family),SINE-enriched genes,SMIM14
Alu (family),SINE-enriched genes,SNAPIN
Alu (family),SINE-enriched genes,SNF8
Alu (family),SINE-enriched genes,SNRPC
Alu (family),SINE-enriched genes,SNRPD2
Alu (family),SINE-enriched genes,SNTA1
Alu (family),SINE-enriched genes,SNX4
Alu (family),SINE-enriched genes,SNX8
Alu (family),SINE-enriched genes,SPG7
Alu (family),SINE-enriched genes,SSC4D
Alu (family),SINE-enriched genes,SSR2
Alu (family),SINE-enriched genes,ST3GAL2
Alu (family),SINE-enriched genes,SUMO2
Alu (family),SINE-enriched genes,SUZ12
Alu (family),SINE-enriched genes,SYCE2
Alu (family),SINE-enriched genes,SZRD1
Alu (family),SINE-enriched genes,TAF6
Alu (family),SINE-enriched genes,TARDBP
Alu (family),SINE-enriched genes,TFCP2
Alu (family),SINE-enriched genes,TIPIN
Alu (family),SINE-enriched genes,TKTL1
Alu (family),SINE-enriched genes,TM4SF5
Alu (family),SINE-enriched genes,TMC4
Alu (family),SINE-enriched genes,TMEM91
Alu (family),SINE-enriched genes,TRAF2
Alu (family),SINE-enriched genes,TRIAP1
Alu (family),SINE-enriched genes,TRIM75
Alu (family),SINE-enriched genes,TRNAU1AP
Alu (family),SINE-enriched genes,TROAP
Alu (family),SINE-enriched genes,TSNAXIP1
Alu (family),SINE-enriched genes,UBA52
Alu (family),SINE-enriched genes,UBAP1
Alu (family),SINE-enriched genes,UBAP2
Alu (family),SINE-enriched genes,UBB
Alu (family),SINE-enriched genes,UBE2G1
Alu (family),SINE-enriched genes,UBXN1
Alu (family),SINE-enriched genes,UBXN11
Alu (family),SINE-enriched genes,UBXN6
Alu (family),SINE-enriched genes,UHRF1
Alu (family),SINE-enriched genes,UQCRC1
Alu (family),SINE-enriched genes,USP4
Alu (family),SINE-enriched genes,VHL
Alu (family),SINE-enriched genes,VKORC1
Alu (family),SINE-enriched genes,VPS11
Alu (family),SINE-enriched genes,VPS25
Alu (family),SINE-enriched genes,VPS51
Alu (family),SINE-enriched genes,WDR45
Alu (family),SINE-enriched genes,WDR74
Alu (family),SINE-enriched genes,WIPI2
Alu (family),SINE-enriched genes,XPO4
Alu (family),SINE-enriched genes,XRCC6
Alu (family),SINE-enriched genes,ZBTB3
Alu (family),SINE-enriched genes,ZNF143
Alu (family),SINE-enriched genes,ZNF207
Alu (family),SINE-enriched genes,ZNF709
Alu (family),SINE-enriched genes,ZNF786
Alu (family),SINE-enriched genes,ZP3
Alu (family),SINE-enriched genes,ZSCAN21
MIR (family),L1-enriched genes,ADGRE1
MIR (family),L1-enriched genes,ARHGEF9
MIR (family),L1-enriched genes,C5orf46
MIR (family),L1-enriched genes,HEPH
MIR (family),L1-enriched genes,HHLA1
MIR (family),L1-enriched genes,IL1RAP
MIR (family),L1-enriched genes,MS4A1
MIR (family),L1-enriched genes,PARPBP
MIR (family),L1-enriched genes,PFKFB1
MIR (family),L1-enriched genes,PRR5L
MIR (family),L1-enriched genes,TMEM41A
MIR (family),L1-enriched genes,VSIG4
MIR (family),Low-complexity-repeat-enriched genes,ADGRB1
MIR (family),Low-complexity-repeat-enriched genes,AIFM3
MIR (family),Low-complexity-repeat-enriched genes,ANK1
MIR (family),Low-complexity-repeat-enriched genes,AQP2
MIR (family),Low-complexity-repeat-enriched genes,AQP5
MIR (family),Low-complexity-repeat-enriched genes,ARAP1
MIR (family),Low-complexity-repeat-enriched genes,ARHGEF9
MIR (family),Low-complexity-repeat-enriched genes,ARL6IP4
MIR (family),Low-complexity-repeat-enriched genes,ATP2B2
MIR (family),Low-complexity-repeat-enriched genes,AZIN2
MIR (family),Low-complexity-repeat-enriched genes,BEGAIN
MIR (family),Low-complexity-repeat-enriched genes,BPIFB2
MIR (family),Low-complexity-repeat-enriched genes,CCDC85C
MIR (family),Low-complexity-repeat-enriched genes,CD74
MIR (family),Low-complexity-repeat-enriched genes,CDX1
MIR (family),Low-complexity-repeat-enriched genes,CEBPB
MIR (family),Low-complexity-repeat-enriched genes,CEP250
MIR (family),Low-complexity-repeat-enriched genes,CMIP
MIR (family),Low-complexity-repeat-enriched genes,COL8A2
MIR (family),Low-complexity-repeat-enriched genes,CPLX2
MIR (family),Low-complexity-repeat-enriched genes,CRB2
MIR (family),Low-complexity-repeat-enriched genes,CSDC2
MIR (family),Low-complexity-repeat-enriched genes,CXXC5
MIR (family),Low-complexity-repeat-enriched genes,DAB2IP
MIR (family),Low-complexity-repeat-enriched genes,DLGAP1
MIR (family),Low-complexity-repeat-enriched genes,DYRK1B
MIR (family),Low-complexity-repeat-enriched genes,EPHA8
MIR (family),Low-complexity-repeat-enriched genes,EPHB2
MIR (family),Low-complexity-repeat-enriched genes,ETS1
MIR (family),Low-complexity-repeat-enriched genes,EVL
MIR (family),Low-complexity-repeat-enriched genes,FAF2
MIR (family),Low-complexity-repeat-enriched genes,FBXL19
MIR (family),Low-complexity-repeat-enriched genes,FCER1A
MIR (family),Low-complexity-repeat-enriched genes,FFAR4
MIR (family),Low-complexity-repeat-enriched genes,FIGNL2
MIR (family),Low-complexity-repeat-enriched genes,FLII
MIR (family),Low-complexity-repeat-enriched genes,FNDC5
MIR (family),Low-complexity-repeat-enriched genes,FOXN4
MIR (family),Low-complexity-repeat-enriched genes,FOXO6
MIR (family),Low-complexity-repeat-enriched genes,GAS7
MIR (family),Low-complexity-repeat-enriched genes,GRM4
MIR (family),Low-complexity-repeat-enriched genes,GSN
MIR (family),Low-complexity-repeat-enriched genes,IQSEC1
MIR (family),Low-complexity-repeat-enriched genes,KCNIP4
MIR (family),Low-complexity-repeat-enriched genes,KCNMA1
MIR (family),Low-complexity-repeat-enriched genes,KCNQ4
MIR (family),Low-complexity-repeat-enriched genes,KCTD17
MIR (family),Low-complexity-repeat-enriched genes,KLK15
MIR (family),Low-complexity-repeat-enriched genes,KRT13
MIR (family),Low-complexity-repeat-enriched genes,LARP1
MIR (family),Low-complexity-repeat-enriched genes,LMO2
MIR (family),Low-complexity-repeat-enriched genes,MED9
MIR (family),Low-complexity-repeat-enriched genes,MGRN1
MIR (family),Low-complexity-repeat-enriched genes,MMP24
MIR (family),Low-complexity-repeat-enriched genes,NAV1
MIR (family),Low-complexity-repeat-enriched genes,NCS1
MIR (family),Low-complexity-repeat-enriched genes,NEURL1B
MIR (family),Low-complexity-repeat-enriched genes,NINJ1
MIR (family),Low-complexity-repeat-enriched genes,NOS1
MIR (family),Low-complexity-repeat-enriched genes,NOVA2
MIR (family),Low-complexity-repeat-enriched genes,NTAN1
MIR (family),Low-complexity-repeat-enriched genes,OPCML
MIR (family),Low-complexity-repeat-enriched genes,PDE4D
MIR (family),Low-complexity-repeat-enriched genes,PDZRN3
MIR (family),Low-complexity-repeat-enriched genes,PHF19
MIR (family),Low-complexity-repeat-enriched genes,PKIG
MIR (family),Low-complexity-repeat-enriched genes,PLEKHG5
MIR (family),Low-complexity-repeat-enriched genes,PLXND1
MIR (family),Low-complexity-repeat-enriched genes,PMEPA1
MIR (family),Low-complexity-repeat-enriched genes,PPP1R17
MIR (family),Low-complexity-repeat-enriched genes,PPP2R2C
MIR (family),Low-complexity-repeat-enriched genes,PRDM11
MIR (family),Low-complexity-repeat-enriched genes,PTP4A2
MIR (family),Low-complexity-repeat-enriched genes,RAC2
MIR (family),Low-complexity-repeat-enriched genes,RAP1GAP
MIR (family),Low-complexity-repeat-enriched genes,RFX4
MIR (family),Low-complexity-repeat-enriched genes,RHOD
MIR (family),Low-complexity-repeat-enriched genes,RIC8B
MIR (family),Low-complexity-repeat-enriched genes,ROR1
MIR (family),Low-complexity-repeat-enriched genes,RTL1
MIR (family),Low-complexity-repeat-enriched genes,RUNX3
MIR (family),Low-complexity-repeat-enriched genes,SART3
MIR (family),Low-complexity-repeat-enriched genes,SDC3
MIR (family),Low-complexity-repeat-enriched genes,SH3BP1
MIR (family),Low-complexity-repeat-enriched genes,SLC24A1
MIR (family),Low-complexity-repeat-enriched genes,SLIT3
MIR (family),Low-complexity-repeat-enriched genes,SMAD3
MIR (family),Low-complexity-repeat-enriched genes,SOCS1
MIR (family),Low-complexity-repeat-enriched genes,SOX30
MIR (family),Low-complexity-repeat-enriched genes,SPNS2
MIR (family),Low-complexity-repeat-enriched genes,STMN3
MIR (family),Low-complexity-repeat-enriched genes,SYT2
MIR (family),Low-complexity-repeat-enriched genes,TGFBR1
MIR (family),Low-complexity-repeat-enriched genes,TMEM64
MIR (family),Low-complexity-repeat-enriched genes,TNIP1
MIR (family),Low-complexity-repeat-enriched genes,TNS1
MIR (family),Low-complexity-repeat-enriched genes,TOX2
MIR (family),Low-complexity-repeat-enriched genes,TRNP1
MIR (family),Low-complexity-repeat-enriched genes,TTC39A
MIR (family),Low-complexity-repeat-enriched genes,VDAC1
MIR (family),Low-complexity-repeat-enriched genes,VSTM2L
MIR (family),Low-complexity-repeat-enriched genes,XKR7
MIR (family),Low-complexity-repeat-enriched genes,ZBTB7A
MIR (family),Low-complexity-repeat-enriched genes,ZCCHC24
MIR (family),Low-complexity-repeat-enriched genes,ZNF423
MIR (family),Low-complexity-repeat-enriched genes,ZNF771
MIR (family),SINE-enriched genes,ABHD4
MIR (family),SINE-enriched genes,ABHD6
MIR (family),SINE-enriched genes,AKT1S1
MIR (family),SINE-enriched genes,AKT2
MIR (family),SINE-enriched genes,BTF3L4
MIR (family),SINE-enriched genes,CCL5
MIR (family),SINE-enriched genes,CD79A
MIR (family),SINE-enriched genes,CHCHD4
MIR (family),SINE-enriched genes,CIB2
MIR (family),SINE-enriched genes,CLPSL2
MIR (family),SINE-enriched genes,CNR2
MIR (family),SINE-enriched genes,CRELD1
MIR (family),SINE-enriched genes,DNAJC6
MIR (family),SINE-enriched genes,DNM2
MIR (family),SINE-enriched genes,DYNLL2
MIR (family),SINE-enriched genes,EIF3I
MIR (family),SINE-enriched genes,EPS15
MIR (family),SINE-enriched genes,FBXW2
MIR (family),SINE-enriched genes,FKBP5
MIR (family),SINE-enriched genes,GEMIN5
MIR (family),SINE-enriched genes,GJB3
MIR (family),SINE-enriched genes,GPR37L1
MIR (family),SINE-enriched genes,LUZP1
MIR (family),SINE-enriched genes,MACF1
MIR (family),SINE-enriched genes,MEOX1
MIR (family),SINE-enriched genes,MYH14
MIR (family),SINE-enriched genes,NINJ1
MIR (family),SINE-enriched genes,NINJ2
MIR (family),SINE-enriched genes,NPAS1
MIR (family),SINE-enriched genes,PITHD1
MIR (family),SINE-enriched genes,PLA2G6
MIR (family),SINE-enriched genes,PRX
MIR (family),SINE-enriched genes,RIMS3
MIR (family),SINE-enriched genes,RNF44
MIR (family),SINE-enriched genes,RUVBL1
MIR (family),SINE-enriched genes,SNTA1
MIR (family),SINE-enriched genes,SPATA2
MIR (family),SINE-enriched genes,TBC1D14
MIR (family),SINE-enriched genes,TMC8
MIR (family),SINE-enriched genes,TNS4
MIR (family),SINE-enriched genes,TOMM5
MIR (family),SINE-enriched genes,TRIB3
MIR (family),SINE-enriched genes,VDAC1
MIR (family),SINE-enriched genes,WWC1
MIR (family),SINE-enriched genes,ZNF335
